topic,slug,Amazon,PartnerStack,Impact,CJ,Rakuten,ShareASale,Awin,Digistore24,ClickBank,Direct SaaS,recurring_percent,cookie_length,approval_difficulty,commission,epc,expected_revenue,best_match_score,affiliate_priority
ai-berkshire Review 2026,ai-berkshire-review-2026,No,Check,Check,Check,Check,Check,Check,Check,Check,Check,0,"30-90 days, verify terms",Unknown,27.07,0.81,75.23,70.0,Medium
"Tavant debuts agentic AI platform for software engineering, automation",tavant-debuts-agentic-ai-platform-for-software-engineering-automation,No,Possible,Check,Check,Check,Check,Check,Check,Check,Likely,20,"30-90 days, verify terms",Medium,28.3,0.85,29.21,80.8,High
free-for-dev Review 2026,free-for-dev-review-2026,No,Check,Check,Check,Check,Check,Check,Check,Check,Check,0,"30-90 days, verify terms",Unknown,27.43,0.82,80.51,41.1,Low
AI shakes SaaS as markets plunge and Korea races to reinvent software,ai-shakes-saas-as-markets-plunge-and-korea-races-to-reinvent-software,No,Possible,Check,Check,Check,Check,Check,Check,Check,Likely,20,"30-90 days, verify terms",Medium,28.58,0.86,30.08,81.0,High
agency-agents Review 2026,agency-agents-review-2026,No,Check,Check,Check,Check,Check,Check,Check,Check,Check,0,"30-90 days, verify terms",Unknown,27.07,0.81,75.23,40.0,Low
affordable ai design platform,affordable-ai-design-platform,No,Check,Check,Check,Check,Check,Check,Check,Check,Check,0,"30-90 days, verify terms",Unknown,24.55,0.74,24.64,59.9,Medium
affordable ai image platform,affordable-ai-image-platform,No,Check,Check,Check,Check,Check,Check,Check,Check,Check,0,"30-90 days, verify terms",Unknown,24.55,0.74,24.64,59.9,Medium
affordable ai meeting platform,affordable-ai-meeting-platform,No,Check,Check,Check,Check,Check,Check,Check,Check,Check,0,"30-90 days, verify terms",Unknown,24.55,0.74,24.64,59.9,Medium
affordable ai search platform,affordable-ai-search-platform,No,Check,Check,Check,Check,Check,Check,Check,Check,Check,0,"30-90 days, verify terms",Unknown,24.55,0.74,24.64,59.9,Medium
affordable ai voice platform,affordable-ai-voice-platform,No,Check,Check,Check,Check,Check,Check,Check,Check,Check,0,"30-90 days, verify terms",Unknown,24.55,0.74,24.64,59.9,Medium
logto Review 2026,logto-review-2026,No,Check,Check,Check,Check,Check,Check,Check,Check,Check,0,"30-90 days, verify terms",Unknown,27.43,0.82,74.3,39.9,Low
VulnClaw Review 2026,vulnclaw-review-2026,No,Check,Check,Check,Check,Check,Check,Check,Check,Check,0,"30-90 days, verify terms",Unknown,27.43,0.82,73.17,39.6,Low
best ai productivity software,best-ai-productivity-software,No,Check,Check,Check,Check,Check,Check,Check,Check,Likely,20,"30-90 days, verify terms",Medium,26.51,0.8,37.17,62.4,Medium
AI coding tokens could soon cost as much as salaries,ai-coding-tokens-could-soon-cost-as-much-as-salaries,No,Check,Check,Check,Check,Check,Check,Check,Check,Check,0,"30-90 days, verify terms",Unknown,25.56,0.77,54.11,65.8,Medium
council-of-high-intelligence Review 2026,council-of-high-intelligence-review-2026,No,Check,Check,Check,Check,Check,Check,Check,Check,Check,0,"30-90 days, verify terms",Unknown,25.7,0.77,67.36,38.5,Low
cupy Review 2026,cupy-review-2026,No,Check,Check,Check,Check,Check,Check,Check,Check,Check,0,"30-90 days, verify terms",Unknown,25.42,0.76,62.87,37.6,Low
best ai image software,best-ai-image-software,No,Check,Check,Check,Check,Check,Check,Check,Check,Likely,20,"30-90 days, verify terms",Medium,26.17,0.79,34.28,61.9,Medium
best ai meeting software,best-ai-meeting-software,No,Check,Check,Check,Check,Check,Check,Check,Check,Likely,20,"30-90 days, verify terms",Medium,26.17,0.79,34.28,61.9,Medium
best ai search software,best-ai-search-software,No,Check,Check,Check,Check,Check,Check,Check,Check,Likely,20,"30-90 days, verify terms",Medium,26.17,0.79,34.28,61.9,Medium
best ai voice software,best-ai-voice-software,No,Check,Check,Check,Check,Check,Check,Check,Check,Likely,20,"30-90 days, verify terms",Medium,26.17,0.79,34.28,61.9,Medium
best ai image tools,best-ai-image-tools,No,Check,Check,Check,Check,Check,Check,Check,Check,Likely,20,"30-90 days, verify terms",Medium,26.17,0.79,33.52,61.7,Medium
best ai meeting tools,best-ai-meeting-tools,No,Check,Check,Check,Check,Check,Check,Check,Check,Likely,20,"30-90 days, verify terms",Medium,26.17,0.79,33.52,61.7,Medium
Gradial Lands $65M Series C for Agentic Marketing Platform,gradial-lands-65m-series-c-for-agentic-marketing-platform,No,Possible,Check,Check,Check,Check,Check,Check,Check,Check,0,"30-90 days, verify terms",Unknown,26.62,0.8,24.75,80.0,High
best productivity software,best-productivity-software,No,Check,Check,Check,Check,Check,Check,Check,Check,Likely,20,"30-90 days, verify terms",Medium,26.51,0.8,37.17,62.4,Medium
"CMO Vision: AI Is Rewiring How Marketing Is Understood, Shaped And Scaled",cmo-vision-ai-is-rewiring-how-marketing-is-understood-shaped-and-scaled,No,Possible,Check,Check,Check,Check,Check,Check,Check,Check,0,"30-90 days, verify terms",Unknown,23.71,0.71,21.58,79.3,High
best productivity tools,best-productivity-tools,No,Check,Check,Check,Check,Check,Check,Check,Check,Likely,20,"30-90 days, verify terms",Medium,26.51,0.8,36.39,62.3,Medium
The best AI coding tool isn't the one that writes the most code,the-best-ai-coding-tool-isn-t-the-one-that-writes-the-most-code,No,Check,Check,Check,Check,Check,Check,Check,Check,Likely,20,"30-90 days, verify terms",Medium,26.82,0.8,32.92,61.6,Medium
Ornith-1.0: self-improving open-source models for agentic coding,ornith-1-0-self-improving-open-source-models-for-agentic-coding,No,Check,Check,Check,Check,Check,Check,Check,Check,Check,0,"30-90 days, verify terms",Unknown,21.41,0.64,19.7,28.9,Low
I signed up for another SaaS,i-signed-up-for-another-saas,No,Possible,Check,Check,Check,Check,Check,Check,Check,Likely,20,"30-90 days, verify terms",Medium,26.62,0.8,24.75,80.0,High
Open AI delayed GPT-5.6 after a U.S. government review request. Is AI regulation becoming the new normal?,open-ai-delayed-gpt-5-6-after-a-u-s-government-review-request-is-ai-regulation-becoming-the-new-normal,No,Check,Check,Check,Check,Check,Check,Check,Check,Check,0,"30-90 days, verify terms",Unknown,25.42,0.76,47.37,64.5,Medium
Ornith-1.0: Self-scaffolding LLMs for agentic coding,ornith-1-0-self-scaffolding-llms-for-agentic-coding,No,Check,Check,Check,Check,Check,Check,Check,Check,Check,0,"30-90 days, verify terms",Unknown,21.41,0.64,18.69,28.7,Low
Tidal AI Policy,tidal-ai-policy,No,Check,Check,Check,Check,Check,Check,Check,Check,Check,0,"30-90 days, verify terms",Unknown,21.41,0.64,20.25,59.0,Medium
"Impartner Redefines Partner Marketing Automation with Full Automation, AdTech and AI to Drive Measurable Revenue",impartner-redefines-partner-marketing-automation-with-full-automation-adtech-and-ai-to-drive-measurable-revenue,No,Possible,Check,Check,Check,Check,Check,Check,Check,Likely,20,"30-90 days, verify terms",Medium,23.34,0.7,19.41,78.9,High
Search Marketing’s Insight Gap: When Automation Replaces Understanding,search-marketing-s-insight-gap-when-automation-replaces-understanding,No,Possible,Check,Check,Check,Check,Check,Check,Check,Likely,20,"30-90 days, verify terms",Medium,23.34,0.7,19.41,78.9,High
12 Best AI for Coding Tools in 2026 (Vibecoding & Data Science),12-best-ai-for-coding-tools-in-2026-vibecoding-data-science,No,Check,Check,Check,Check,Check,Check,Check,Check,Likely,20,"30-90 days, verify terms",Medium,26.17,0.79,27.02,60.4,Medium
AI-powered vibe coding is gaining ground in Nepal,ai-powered-vibe-coding-is-gaining-ground-in-nepal,No,Check,Check,Check,Check,Check,Check,Check,Check,Check,0,"30-90 days, verify terms",Unknown,23.06,0.69,17.86,58.6,Medium
Working With AI: A concrete example,working-with-ai-a-concrete-example,No,Check,Check,Check,Check,Check,Check,Check,Check,Check,0,"30-90 days, verify terms",Unknown,21.41,0.64,19.24,58.8,Medium
Is SaaS dead?,is-saas-dead,No,Possible,Check,Check,Check,Check,Check,Check,Check,Likely,20,"30-90 days, verify terms",Medium,24.86,0.75,21.25,79.2,High
The Future of Matrix Marketing: How AI and Environment Isolation are Replacing Legacy RPA,the-future-of-matrix-marketing-how-ai-and-environment-isolation-are-replacing-legacy-rpa,No,Possible,Check,Check,Check,Check,Check,Check,Check,Check,0,"30-90 days, verify terms",Unknown,23.34,0.7,19.41,78.9,High
Why Won't Europe Build AI Data Centers in Iceland?,why-won-t-europe-build-ai-data-centers-in-iceland,No,Check,Check,Check,Check,Check,Check,Check,Check,Check,0,"30-90 days, verify terms",Unknown,21.41,0.64,17.87,58.6,Medium
"Most AI Models Would Run Your Company Into the Ground, Princeton’s CEO-Bench Finds",most-ai-models-would-run-your-company-into-the-ground-princeton-s-ceo-bench-finds,No,Check,Check,Check,Check,Check,Check,Check,Check,Check,0,"30-90 days, verify terms",Unknown,23.34,0.7,18.88,58.8,Medium
"When An AI Agent Goes Rogue, Who Takes The Blame?",when-an-ai-agent-goes-rogue-who-takes-the-blame,No,Check,Check,Check,Check,Check,Check,Check,Check,Check,0,"30-90 days, verify terms",Unknown,23.34,0.7,18.88,58.8,Medium
Filum.ai,filum-ai,No,Check,Check,Check,Check,Check,Check,Check,Check,Check,0,"30-90 days, verify terms",Unknown,23.06,0.69,15.67,58.1,Medium
Agent Mode by Receiptor AI,agent-mode-by-receiptor-ai,No,Check,Check,Check,Check,Check,Check,Check,Check,Check,0,"30-90 days, verify terms",Unknown,23.06,0.69,17.34,58.5,Medium
Import AI 447: The AGI economy; testing AIs with generated games; and agent ecologies,import-ai-447-the-agi-economy-testing-ais-with-generated-games-and-agent-ecologies,No,Check,Check,Check,Check,Check,Check,Check,Check,Check,0,"30-90 days, verify terms",Unknown,23.06,0.69,17.34,58.5,Medium
The first big exit in AI,the-first-big-exit-in-ai,No,Check,Check,Check,Check,Check,Check,Check,Check,Check,0,"30-90 days, verify terms",Unknown,23.06,0.69,17.34,58.5,Medium
AI Companies Will Become Profitable Eventually. Here's why.,ai-companies-will-become-profitable-eventually-here-s-why,No,Check,Check,Check,Check,Check,Check,Check,Check,Check,0,"30-90 days, verify terms",Unknown,21.41,0.64,15.03,58.0,Medium
Ford rehires veteran engineers after AI fails to meet quality standards,ford-rehires-veteran-engineers-after-ai-fails-to-meet-quality-standards,No,Check,Check,Check,Check,Check,Check,Check,Check,Check,0,"30-90 days, verify terms",Unknown,21.41,0.64,15.03,58.0,Medium
"Has AI changed the way you think, not just the way you work?",has-ai-changed-the-way-you-think-not-just-the-way-you-work,No,Check,Check,Check,Check,Check,Check,Check,Check,Check,0,"30-90 days, verify terms",Unknown,21.41,0.64,15.03,58.0,Medium
"My AI Predictions, Two Years Later: The Ones That Landed",my-ai-predictions-two-years-later-the-ones-that-landed,No,Check,Check,Check,Check,Check,Check,Check,Check,Check,0,"30-90 days, verify terms",Unknown,21.41,0.64,15.03,58.0,Medium
Palantir and Nvidia Expand Sovereign AI Partnership for US Government,palantir-and-nvidia-expand-sovereign-ai-partnership-for-us-government,No,Check,Check,Check,Check,Check,Check,Check,Check,Check,0,"30-90 days, verify terms",Unknown,21.41,0.64,15.03,58.0,Medium
What AI capability do you think is still surprisingly underdeveloped?,what-ai-capability-do-you-think-is-still-surprisingly-underdeveloped,No,Check,Check,Check,Check,Check,Check,Check,Check,Check,0,"30-90 days, verify terms",Unknown,21.41,0.64,15.03,58.0,Medium
What if AI's failures reveal our vices more than its limits?,what-if-ai-s-failures-reveal-our-vices-more-than-its-limits,No,Check,Check,Check,Check,Check,Check,Check,Check,Check,0,"30-90 days, verify terms",Unknown,21.41,0.64,15.03,58.0,Medium
Working on my first fully featured Ai companion with Vision for games and movies n all that!,working-on-my-first-fully-featured-ai-companion-with-vision-for-games-and-movies-n-all-that,No,Check,Check,Check,Check,Check,Check,Check,Check,Check,0,"30-90 days, verify terms",Unknown,21.41,0.64,15.03,58.0,Medium
AI Is Automating Marketing Execution But Raising The Value Of Judgment,ai-is-automating-marketing-execution-but-raising-the-value-of-judgment,No,Possible,Check,Check,Check,Check,Check,Check,Check,Check,0,"30-90 days, verify terms",Unknown,21.41,0.64,15.03,78.0,High
AI Slide Editor by CubeOne,ai-slide-editor-by-cubeone,No,Check,Check,Check,Check,Check,Check,Check,Check,Check,0,"30-90 days, verify terms",Unknown,21.41,0.64,15.03,58.0,Medium
Tough Tongue AI for Sales,tough-tongue-ai-for-sales,No,Check,Check,Check,Check,Check,Check,Check,Check,Check,0,"30-90 days, verify terms",Unknown,21.41,0.64,15.03,58.0,Medium
"Hey Siri, meet AI",hey-siri-meet-ai,No,Check,Check,Check,Check,Check,Check,Check,Check,Check,0,"30-90 days, verify terms",Unknown,21.41,0.64,15.03,58.0,Medium
Import AI 445: Timing superintelligence; AIs solve frontier math proofs; a new ML research benchmark,import-ai-445-timing-superintelligence-ais-solve-frontier-math-proofs-a-new-ml-research-benchmark,No,Check,Check,Check,Check,Check,Check,Check,Check,Check,0,"30-90 days, verify terms",Unknown,21.41,0.64,15.03,58.0,Medium
Import AI 446: Nuclear LLMs; China's big AI benchmark; measurement and AI policy,import-ai-446-nuclear-llms-china-s-big-ai-benchmark-measurement-and-ai-policy,No,Check,Check,Check,Check,Check,Check,Check,Check,Check,0,"30-90 days, verify terms",Unknown,21.41,0.64,15.03,58.0,Medium
Import AI 450: China's electronic warfare model; traumatized LLMs; and a scaling law for cyberattacks,import-ai-450-china-s-electronic-warfare-model-traumatized-llms-and-a-scaling-law-for-cyberattacks,No,Check,Check,Check,Check,Check,Check,Check,Check,Check,0,"30-90 days, verify terms",Unknown,21.41,0.64,15.03,58.0,Medium
"Import AI 451: Political superintelligence; Google's society of minds, and a robot drummer",import-ai-451-political-superintelligence-google-s-society-of-minds-and-a-robot-drummer,No,Check,Check,Check,Check,Check,Check,Check,Check,Check,0,"30-90 days, verify terms",Unknown,21.41,0.64,15.03,58.0,Medium
Import AI 454: Automating alignment research; safety study of a Chinese model; HiFloat4,import-ai-454-automating-alignment-research-safety-study-of-a-chinese-model-hifloat4,No,Check,Check,Check,Check,Check,Check,Check,Check,Check,0,"30-90 days, verify terms",Unknown,21.41,0.64,15.03,58.0,Medium
Import AI 456: RSI and economic growth; radical optionality for AI regulation; and a neural computer,import-ai-456-rsi-and-economic-growth-radical-optionality-for-ai-regulation-and-a-neural-computer,No,Check,Check,Check,Check,Check,Check,Check,Check,Check,0,"30-90 days, verify terms",Unknown,21.41,0.64,15.03,58.0,Medium
Import AI 457: AI stuxnet; cursed Muon optimizer; and positive alignment,import-ai-457-ai-stuxnet-cursed-muon-optimizer-and-positive-alignment,No,Check,Check,Check,Check,Check,Check,Check,Check,Check,0,"30-90 days, verify terms",Unknown,21.41,0.64,15.03,58.0,Medium
Import AI 458: Reckoning with the future; and a singularity story,import-ai-458-reckoning-with-the-future-and-a-singularity-story,No,Check,Check,Check,Check,Check,Check,Check,Check,Check,0,"30-90 days, verify terms",Unknown,21.41,0.64,15.03,58.0,Medium
"Import AI 460: Reward hacking society, RSI data from Anthropic; and RL-based quadcopter racing",import-ai-460-reward-hacking-society-rsi-data-from-anthropic-and-rl-based-quadcopter-racing,No,Check,Check,Check,Check,Check,Check,Check,Check,Check,0,"30-90 days, verify terms",Unknown,21.41,0.64,15.03,58.0,Medium
"Import AI 461: ""Alignment is not on track""; FrontierCode; and synthetic research interns",import-ai-461-alignment-is-not-on-track-frontiercode-and-synthetic-research-interns,No,Check,Check,Check,Check,Check,Check,Check,Check,Check,0,"30-90 days, verify terms",Unknown,21.41,0.64,15.03,58.0,Medium
Import AI 462: Superpersuasion; self-sustaining AI; paths to ASI,import-ai-462-superpersuasion-self-sustaining-ai-paths-to-asi,No,Check,Check,Check,Check,Check,Check,Check,Check,Check,0,"30-90 days, verify terms",Unknown,21.41,0.64,15.03,58.0,Medium
Import AI 463: Self-improving robots; a 10k Chinese GPU cluster; and an elegiac essay for the human era,import-ai-463-self-improving-robots-a-10k-chinese-gpu-cluster-and-an-elegiac-essay-for-the-human-era,No,Check,Check,Check,Check,Check,Check,Check,Check,Check,0,"30-90 days, verify terms",Unknown,21.41,0.64,15.03,58.0,Medium
ImportAI 449: LLMs training other LLMs; 72B distributed training run; computer vision is harder than generative text,importai-449-llms-training-other-llms-72b-distributed-training-run-computer-vision-is-harder-than-generative-text,No,Check,Check,Check,Check,Check,Check,Check,Check,Check,0,"30-90 days, verify terms",Unknown,21.41,0.64,15.03,58.0,Medium
Folio AI,folio-ai,No,Check,Check,Check,Check,Check,Check,Check,Check,Check,0,"30-90 days, verify terms",Unknown,21.41,0.64,13.29,57.7,Medium
Oxlo.ai,oxlo-ai,No,Check,Check,Check,Check,Check,Check,Check,Check,Check,0,"30-90 days, verify terms",Unknown,21.41,0.64,13.29,57.7,Medium
discode.ai,discode-ai,No,Check,Check,Check,Check,Check,Check,Check,Check,Check,0,"30-90 days, verify terms",Unknown,21.41,0.64,13.29,57.7,Medium
A language model that runs on 5$ chip,a-language-model-that-runs-on-5-chip,No,Check,Check,Check,Check,Check,Check,Check,Check,Check,0,"30-90 days, verify terms",Unknown,21.41,0.64,15.03,28.0,Low
I built a benchmark for multi-turn prompt injection attacks. Most defenses never see them coming.,i-built-a-benchmark-for-multi-turn-prompt-injection-attacks-most-defenses-never-see-them-coming,No,Check,Check,Check,Check,Check,Check,Check,Check,Check,0,"30-90 days, verify terms",Unknown,21.41,0.64,15.03,28.0,Low
PayU Brings AI Coding And CLI Tools To Payment Developers,payu-brings-ai-coding-and-cli-tools-to-payment-developers,No,Check,Check,Check,Check,Check,Check,Check,Check,Likely,20,"30-90 days, verify terms",Medium,26.26,0.79,20.59,59.1,Medium
How AI is upending SaaS tools,how-ai-is-upending-saas-tools,No,Possible,Check,Check,Check,Check,Check,Check,Check,Likely,20,"30-90 days, verify terms",Medium,27.49,0.82,21.18,79.2,High
BetterCloud Unveils AI-Native Next Generation SaaS Management Platform to Help Enterprises Govern AI at Scale,bettercloud-unveils-ai-native-next-generation-saas-management-platform-to-help-enterprises-govern-ai-at-scale,No,Possible,Check,Check,Check,Check,Check,Check,Check,Likely,20,"30-90 days, verify terms",Medium,21.38,0.64,15.96,78.2,High
SaaS stocks are rallying on AI optimism. 3 stocks to buy now.,saas-stocks-are-rallying-on-ai-optimism-3-stocks-to-buy-now,No,Possible,Check,Check,Check,Check,Check,Check,Check,Likely,20,"30-90 days, verify terms",Medium,21.94,0.66,16.12,78.2,High
Shopify launches AI-powered marketing automation tool,shopify-launches-ai-powered-marketing-automation-tool,No,Possible,Check,Check,Check,Check,Check,Check,Check,Likely,20,"30-90 days, verify terms",Medium,20.71,0.62,14.71,77.9,High
Reco Launches Industry-First AI Agent Security to Tackle Agent Sprawl Across SaaS,reco-launches-industry-first-ai-agent-security-to-tackle-agent-sprawl-across-saas,No,Possible,Check,Check,Check,Check,Check,Check,Check,Likely,20,"30-90 days, verify terms",Medium,21.3,0.64,16.66,78.3,High
ImageKit Launches Creative Automation with AI Assist to Help Teams Generate On-Brand Visuals at Scale,imagekit-launches-creative-automation-with-ai-assist-to-help-teams-generate-on-brand-visuals-at-scale,No,Possible,Check,Check,Check,Check,Check,Check,Check,Likely,20,"30-90 days, verify terms",Medium,19.2,0.58,12.72,77.5,High
Asian AI startups launch Mythos-like models as Anthropic's export ban drags on,asian-ai-startups-launch-mythos-like-models-as-anthropic-s-export-ban-drags-on,No,Check,Check,Check,Check,Check,Check,Check,Check,Check,0,"30-90 days, verify terms",Unknown,16.15,0.48,8.69,56.7,Medium
