priority,suggested_title,slug,meta_description,article_type,primary_keyword,secondary_keywords,recommended_outline,cta_idea,affiliate_angle,internal_links_needed,youtube_needed,social_needed
P2,ai-berkshire Review 2026,ai-berkshire-review-2026,"Compare ai-berkshire Review 2026 by pricing, features, pros, cons, alternatives, buyer fit, and practical risks before choosing a tool.",review,ai-berkshire review 2026,"ai berkshire review 2026 pricing, ai berkshire review 2026 alternatives, ai berkshire review 2026 review, ai berkshire review 2026 pros and cons",Overview | Best for / Not best for | Pricing | Pros and cons | Alternatives | FAQ | Final verdict,Read the full review and verify current pricing on the official website.,Direct affiliate,"Add 5-10 related review, comparison, pricing, and category links.",no,yes
P1,"Tavant debuts agentic AI platform for software engineering, automation: Guide 2026",tavant-debuts-agentic-ai-platform-for-software-engineering-automation,"Compare Tavant debuts agentic AI platform for software engineering, automation by pricing, features, pros, cons, alternatives, buyer fit, and practical risks before choosing a tool.",evergreen,"tavant debuts agentic ai platform for software engineering, automation","tavant debuts agentic ai platform for software engineering automation pricing, tavant debuts agentic ai platform for software engineering automation alternatives, tavant debuts agentic ai platform for software engineering automation review, tavant debuts agentic ai platform for software engineering automation pros and cons",Overview | Best for / Not best for | Pricing | Pros and cons | Alternatives | FAQ | Final verdict,Read the full review and verify current pricing on the official website.,PartnerStack / Direct affiliate,"Add 5-10 related review, comparison, pricing, and category links.",yes,yes
P2,free-for-dev Review 2026,free-for-dev-review-2026,"Compare free-for-dev Review 2026 by pricing, features, pros, cons, alternatives, buyer fit, and practical risks before choosing a tool.",review,free-for-dev review 2026,"free for dev review 2026 pricing, free for dev review 2026 alternatives, free for dev review 2026 review, free for dev review 2026 pros and cons",Overview | Best for / Not best for | Pricing | Pros and cons | Alternatives | FAQ | Final verdict,Read the full review and verify current pricing on the official website.,No clear program,"Add 5-10 related review, comparison, pricing, and category links.",yes,no
P1,AI shakes SaaS as markets plunge and Korea races to reinvent software: Guide 2026,ai-shakes-saas-as-markets-plunge-and-korea-races-to-reinvent-software,"Compare AI shakes SaaS as markets plunge and Korea races to reinvent software by pricing, features, pros, cons, alternatives, buyer fit, and practical risks before choosing a tool.",evergreen,ai shakes saas as markets plunge and korea races to reinvent software,"ai shakes saas as markets plunge and korea races to reinvent software pricing, ai shakes saas as markets plunge and korea races to reinvent software alternatives, ai shakes saas as markets plunge and korea races to reinvent software review, ai shakes saas as markets plunge and korea races to reinvent software pros and cons",Overview | Best for / Not best for | Pricing | Pros and cons | Alternatives | FAQ | Final verdict,Read the full review and verify current pricing on the official website.,PartnerStack / Direct affiliate,"Add 5-10 related review, comparison, pricing, and category links.",yes,yes
P2,agency-agents Review 2026,agency-agents-review-2026,"Compare agency-agents Review 2026 by pricing, features, pros, cons, alternatives, buyer fit, and practical risks before choosing a tool.",review,agency-agents review 2026,"agency agents review 2026 pricing, agency agents review 2026 alternatives, agency agents review 2026 review, agency agents review 2026 pros and cons",Overview | Best for / Not best for | Pricing | Pros and cons | Alternatives | FAQ | Final verdict,Read the full review and verify current pricing on the official website.,No clear program,"Add 5-10 related review, comparison, pricing, and category links.",yes,no
P2,affordable ai design platform: Guide 2026,affordable-ai-design-platform,"Compare affordable ai design platform by pricing, features, pros, cons, alternatives, buyer fit, and practical risks before choosing a tool.",evergreen,affordable ai design platform,"affordable ai design platform pricing, affordable ai design platform alternatives, affordable ai design platform review, affordable ai design platform pros and cons",Overview | Best for / Not best for | Pricing | Pros and cons | Alternatives | FAQ | Final verdict,Read the full review and verify current pricing on the official website.,Direct affiliate,"Add 5-10 related review, comparison, pricing, and category links.",no,yes
P2,affordable ai image platform: Guide 2026,affordable-ai-image-platform,"Compare affordable ai image platform by pricing, features, pros, cons, alternatives, buyer fit, and practical risks before choosing a tool.",evergreen,affordable ai image platform,"affordable ai image platform pricing, affordable ai image platform alternatives, affordable ai image platform review, affordable ai image platform pros and cons",Overview | Best for / Not best for | Pricing | Pros and cons | Alternatives | FAQ | Final verdict,Read the full review and verify current pricing on the official website.,Direct affiliate,"Add 5-10 related review, comparison, pricing, and category links.",no,yes
P2,affordable ai meeting platform: Guide 2026,affordable-ai-meeting-platform,"Compare affordable ai meeting platform by pricing, features, pros, cons, alternatives, buyer fit, and practical risks before choosing a tool.",evergreen,affordable ai meeting platform,"affordable ai meeting platform pricing, affordable ai meeting platform alternatives, affordable ai meeting platform review, affordable ai meeting platform pros and cons",Overview | Best for / Not best for | Pricing | Pros and cons | Alternatives | FAQ | Final verdict,Read the full review and verify current pricing on the official website.,Direct affiliate,"Add 5-10 related review, comparison, pricing, and category links.",no,yes
P2,affordable ai search platform: Guide 2026,affordable-ai-search-platform,"Compare affordable ai search platform by pricing, features, pros, cons, alternatives, buyer fit, and practical risks before choosing a tool.",evergreen,affordable ai search platform,"affordable ai search platform pricing, affordable ai search platform alternatives, affordable ai search platform review, affordable ai search platform pros and cons",Overview | Best for / Not best for | Pricing | Pros and cons | Alternatives | FAQ | Final verdict,Read the full review and verify current pricing on the official website.,Direct affiliate,"Add 5-10 related review, comparison, pricing, and category links.",no,yes
P2,affordable ai voice platform: Guide 2026,affordable-ai-voice-platform,"Compare affordable ai voice platform by pricing, features, pros, cons, alternatives, buyer fit, and practical risks before choosing a tool.",evergreen,affordable ai voice platform,"affordable ai voice platform pricing, affordable ai voice platform alternatives, affordable ai voice platform review, affordable ai voice platform pros and cons",Overview | Best for / Not best for | Pricing | Pros and cons | Alternatives | FAQ | Final verdict,Read the full review and verify current pricing on the official website.,Direct affiliate,"Add 5-10 related review, comparison, pricing, and category links.",no,yes
P2,logto Review 2026,logto-review-2026,"Compare logto Review 2026 by pricing, features, pros, cons, alternatives, buyer fit, and practical risks before choosing a tool.",review,logto review 2026,"logto review 2026 pricing, logto review 2026 alternatives, logto review 2026 review, logto review 2026 pros and cons",Overview | Best for / Not best for | Pricing | Pros and cons | Alternatives | FAQ | Final verdict,Read the full review and verify current pricing on the official website.,No clear program,"Add 5-10 related review, comparison, pricing, and category links.",yes,no
P2,VulnClaw Review 2026,vulnclaw-review-2026,"Compare VulnClaw Review 2026 by pricing, features, pros, cons, alternatives, buyer fit, and practical risks before choosing a tool.",review,vulnclaw review 2026,"vulnclaw review 2026 pricing, vulnclaw review 2026 alternatives, vulnclaw review 2026 review, vulnclaw review 2026 pros and cons",Overview | Best for / Not best for | Pricing | Pros and cons | Alternatives | FAQ | Final verdict,Read the full review and verify current pricing on the official website.,No clear program,"Add 5-10 related review, comparison, pricing, and category links.",yes,no
P2,best ai productivity software: Guide 2026,best-ai-productivity-software,"Compare best ai productivity software by pricing, features, pros, cons, alternatives, buyer fit, and practical risks before choosing a tool.",best list,best ai productivity software,"best ai productivity software pricing, best ai productivity software alternatives, best ai productivity software review, best ai productivity software pros and cons",Overview | Best for / Not best for | Pricing | Pros and cons | Alternatives | FAQ | Final verdict,Read the full review and verify current pricing on the official website.,Direct affiliate,"Add 5-10 related review, comparison, pricing, and category links.",no,yes
P2,AI coding tokens could soon cost as much as salaries: Guide 2026,ai-coding-tokens-could-soon-cost-as-much-as-salaries,"Compare AI coding tokens could soon cost as much as salaries by pricing, features, pros, cons, alternatives, buyer fit, and practical risks before choosing a tool.",pricing,ai coding tokens could soon cost as much as salaries,"ai coding tokens could soon cost as much as salaries pricing, ai coding tokens could soon cost as much as salaries alternatives, ai coding tokens could soon cost as much as salaries review, ai coding tokens could soon cost as much as salaries pros and cons",Overview | Plan and cost breakdown | Best for / Not best for | Pricing | Pros and cons | Alternatives | FAQ | Final verdict,Read the full review and verify current pricing on the official website.,Direct affiliate,"Add 5-10 related review, comparison, pricing, and category links.",no,yes
P2,council-of-high-intelligence Review 2026,council-of-high-intelligence-review-2026,"Compare council-of-high-intelligence Review 2026 by pricing, features, pros, cons, alternatives, buyer fit, and practical risks before choosing a tool.",review,council-of-high-intelligence review 2026,"council of high intelligence review 2026 pricing, council of high intelligence review 2026 alternatives, council of high intelligence review 2026 review, council of high intelligence review 2026 pros and cons",Overview | Best for / Not best for | Pricing | Pros and cons | Alternatives | FAQ | Final verdict,Read the full review and verify current pricing on the official website.,No clear program,"Add 5-10 related review, comparison, pricing, and category links.",yes,no
P2,cupy Review 2026,cupy-review-2026,"Compare cupy Review 2026 by pricing, features, pros, cons, alternatives, buyer fit, and practical risks before choosing a tool.",review,cupy review 2026,"cupy review 2026 pricing, cupy review 2026 alternatives, cupy review 2026 review, cupy review 2026 pros and cons",Overview | Best for / Not best for | Pricing | Pros and cons | Alternatives | FAQ | Final verdict,Read the full review and verify current pricing on the official website.,No clear program,"Add 5-10 related review, comparison, pricing, and category links.",yes,no
P2,best ai image software: Guide 2026,best-ai-image-software,"Compare best ai image software by pricing, features, pros, cons, alternatives, buyer fit, and practical risks before choosing a tool.",best list,best ai image software,"best ai image software pricing, best ai image software alternatives, best ai image software review, best ai image software pros and cons",Overview | Best for / Not best for | Pricing | Pros and cons | Alternatives | FAQ | Final verdict,Read the full review and verify current pricing on the official website.,Direct affiliate,"Add 5-10 related review, comparison, pricing, and category links.",no,yes
P2,best ai meeting software: Guide 2026,best-ai-meeting-software,"Compare best ai meeting software by pricing, features, pros, cons, alternatives, buyer fit, and practical risks before choosing a tool.",best list,best ai meeting software,"best ai meeting software pricing, best ai meeting software alternatives, best ai meeting software review, best ai meeting software pros and cons",Overview | Best for / Not best for | Pricing | Pros and cons | Alternatives | FAQ | Final verdict,Read the full review and verify current pricing on the official website.,Direct affiliate,"Add 5-10 related review, comparison, pricing, and category links.",no,yes
P2,best ai search software: Guide 2026,best-ai-search-software,"Compare best ai search software by pricing, features, pros, cons, alternatives, buyer fit, and practical risks before choosing a tool.",best list,best ai search software,"best ai search software pricing, best ai search software alternatives, best ai search software review, best ai search software pros and cons",Overview | Best for / Not best for | Pricing | Pros and cons | Alternatives | FAQ | Final verdict,Read the full review and verify current pricing on the official website.,Direct affiliate,"Add 5-10 related review, comparison, pricing, and category links.",no,yes
P2,best ai voice software: Guide 2026,best-ai-voice-software,"Compare best ai voice software by pricing, features, pros, cons, alternatives, buyer fit, and practical risks before choosing a tool.",best list,best ai voice software,"best ai voice software pricing, best ai voice software alternatives, best ai voice software review, best ai voice software pros and cons",Overview | Best for / Not best for | Pricing | Pros and cons | Alternatives | FAQ | Final verdict,Read the full review and verify current pricing on the official website.,Direct affiliate,"Add 5-10 related review, comparison, pricing, and category links.",no,yes
P2,best ai image tools: Guide 2026,best-ai-image-tools,"Compare best ai image tools by pricing, features, pros, cons, alternatives, buyer fit, and practical risks before choosing a tool.",best list,best ai image tools,"best ai image tools pricing, best ai image tools alternatives, best ai image tools review, best ai image tools pros and cons",Overview | Best for / Not best for | Pricing | Pros and cons | Alternatives | FAQ | Final verdict,Read the full review and verify current pricing on the official website.,Direct affiliate,"Add 5-10 related review, comparison, pricing, and category links.",no,yes
P2,best ai meeting tools: Guide 2026,best-ai-meeting-tools,"Compare best ai meeting tools by pricing, features, pros, cons, alternatives, buyer fit, and practical risks before choosing a tool.",best list,best ai meeting tools,"best ai meeting tools pricing, best ai meeting tools alternatives, best ai meeting tools review, best ai meeting tools pros and cons",Overview | Best for / Not best for | Pricing | Pros and cons | Alternatives | FAQ | Final verdict,Read the full review and verify current pricing on the official website.,Direct affiliate,"Add 5-10 related review, comparison, pricing, and category links.",no,yes
P2,Gradial Lands $65M Series C for Agentic Marketing Platform: Guide 2026,gradial-lands-65m-series-c-for-agentic-marketing-platform,"Compare Gradial Lands $65M Series C for Agentic Marketing Platform by pricing, features, pros, cons, alternatives, buyer fit, and practical risks before choosing a tool.",evergreen,gradial lands $65m series c for agentic marketing platform,"gradial lands 65m series c for agentic marketing platform pricing, gradial lands 65m series c for agentic marketing platform alternatives, gradial lands 65m series c for agentic marketing platform review, gradial lands 65m series c for agentic marketing platform pros and cons",Overview | Best for / Not best for | Pricing | Pros and cons | Alternatives | FAQ | Final verdict,Read the full review and verify current pricing on the official website.,PartnerStack / Direct affiliate,"Add 5-10 related review, comparison, pricing, and category links.",no,yes
P2,best productivity software: Guide 2026,best-productivity-software,"Compare best productivity software by pricing, features, pros, cons, alternatives, buyer fit, and practical risks before choosing a tool.",best list,best productivity software,"best productivity software pricing, best productivity software alternatives, best productivity software review, best productivity software pros and cons",Overview | Best for / Not best for | Pricing | Pros and cons | Alternatives | FAQ | Final verdict,Read the full review and verify current pricing on the official website.,Direct affiliate,"Add 5-10 related review, comparison, pricing, and category links.",no,yes
P2,"CMO Vision: AI Is Rewiring How Marketing Is Understood, Shaped And Scaled: Guide 2026",cmo-vision-ai-is-rewiring-how-marketing-is-understood-shaped-and-scaled,"Compare CMO Vision: AI Is Rewiring How Marketing Is Understood, Shaped And Scaled by pricing, features, pros, cons, alternatives, buyer fit, and practical risks before choosing a tool.",evergreen,"cmo vision: ai is rewiring how marketing is understood, shaped and scaled","cmo vision ai is rewiring how marketing is understood shaped and scaled pricing, cmo vision ai is rewiring how marketing is understood shaped and scaled alternatives, cmo vision ai is rewiring how marketing is understood shaped and scaled review, cmo vision ai is rewiring how marketing is understood shaped and scaled pros and cons",Overview | Best for / Not best for | Pricing | Pros and cons | Alternatives | FAQ | Final verdict,Read the full review and verify current pricing on the official website.,PartnerStack / Direct affiliate,"Add 5-10 related review, comparison, pricing, and category links.",no,yes
P2,best productivity tools: Guide 2026,best-productivity-tools,"Compare best productivity tools by pricing, features, pros, cons, alternatives, buyer fit, and practical risks before choosing a tool.",best list,best productivity tools,"best productivity tools pricing, best productivity tools alternatives, best productivity tools review, best productivity tools pros and cons",Overview | Best for / Not best for | Pricing | Pros and cons | Alternatives | FAQ | Final verdict,Read the full review and verify current pricing on the official website.,Direct affiliate,"Add 5-10 related review, comparison, pricing, and category links.",no,yes
P2,The best AI coding tool isn't the one that writes the most code: Guide 2026,the-best-ai-coding-tool-isn-t-the-one-that-writes-the-most-code,"Compare The best AI coding tool isn't the one that writes the most code by pricing, features, pros, cons, alternatives, buyer fit, and practical risks before choosing a tool.",best list,the best ai coding tool isn't the one that writes the most code,"the best ai coding tool isn t the one that writes the most code pricing, the best ai coding tool isn t the one that writes the most code alternatives, the best ai coding tool isn t the one that writes the most code review, the best ai coding tool isn t the one that writes the most code pros and cons",Overview | Best for / Not best for | Pricing | Pros and cons | Alternatives | FAQ | Final verdict,Read the full review and verify current pricing on the official website.,Direct affiliate,"Add 5-10 related review, comparison, pricing, and category links.",no,yes
P2,I signed up for another SaaS: Guide 2026,i-signed-up-for-another-saas,"Compare I signed up for another SaaS by pricing, features, pros, cons, alternatives, buyer fit, and practical risks before choosing a tool.",evergreen,i signed up for another saas,"i signed up for another saas pricing, i signed up for another saas alternatives, i signed up for another saas review, i signed up for another saas pros and cons",Overview | Best for / Not best for | Pricing | Pros and cons | Alternatives | FAQ | Final verdict,Read the full review and verify current pricing on the official website.,PartnerStack / Direct affiliate,"Add 5-10 related review, comparison, pricing, and category links.",no,yes
P2,Open AI delayed GPT-5.6 after a U.S. government review request. Is AI regulation becoming the new normal?: Review 2026,open-ai-delayed-gpt-5-6-after-a-u-s-government-review-request-is-ai-regulation-becoming-the-new-normal,"Compare Open AI delayed GPT-5.6 after a U.S. government review request. Is AI regulation becoming the new normal? by pricing, features, pros, cons, alternatives, buyer fit, and practical risks before choosing a tool.",review,open ai delayed gpt-5.6 after a u.s. government review request. is ai regulation becoming the new normal?,"open ai delayed gpt 5 6 after a u s government review request is ai regulation becoming the new normal pricing, open ai delayed gpt 5 6 after a u s government review request is ai regulation becoming the new normal alternatives, open ai delayed gpt 5 6 after a u s government review request is ai regulation becoming the new normal review, open ai delayed gpt 5 6 after a u s government review request is ai regulation becoming the new normal pros and cons",Overview | Best for / Not best for | Pricing | Pros and cons | Alternatives | FAQ | Final verdict,Read the full review and verify current pricing on the official website.,Direct affiliate,"Add 5-10 related review, comparison, pricing, and category links.",no,yes
P2,"Impartner Redefines Partner Marketing Automation with Full Automation, AdTech and AI to Drive Measurable Revenue: Guide 2026",impartner-redefines-partner-marketing-automation-with-full-automation-adtech-and-ai-to-drive-measurable-revenue,"Compare Impartner Redefines Partner Marketing Automation with Full Automation, AdTech and AI to Drive Measurable Revenue by pricing, features, pros, cons, alternatives, buyer fit, and practical risks before choosing a tool.",evergreen,"impartner redefines partner marketing automation with full automation, adtech and ai to drive measurable revenue","impartner redefines partner marketing automation with full automation adtech and ai to drive measurable revenue pricing, impartner redefines partner marketing automation with full automation adtech and ai to drive measurable revenue alternatives, impartner redefines partner marketing automation with full automation adtech and ai to drive measurable revenue review, impartner redefines partner marketing automation with full automation adtech and ai to drive measurable revenue pros and cons",Overview | Best for / Not best for | Pricing | Pros and cons | Alternatives | FAQ | Final verdict,Read the full review and verify current pricing on the official website.,PartnerStack / Direct affiliate,"Add 5-10 related review, comparison, pricing, and category links.",no,yes
