keyword,slug,category,roi_score,recommended_article_type,monetization_priority,reason
AI coding costs could exceed developer salaries by 2028,ai-coding-costs-could-exceed-developer-salaries-by-2028,AI Coding,57.96,Pricing,Medium,Weekly trend is not covered by an existing published article.
AI coding tokens could soon cost as much as salaries,ai-coding-tokens-could-soon-cost-as-much-as-salaries,AI Coding,57.86,Pricing,Medium,Weekly trend is not covered by an existing published article.
The SaaS Apocalypse Is Real. Causal AI Is the Escape Route,the-saas-apocalypse-is-real-causal-ai-is-the-escape-route,AI Software,42.7,Review,Low,Weekly trend is not covered by an existing published article.
"Impartner Redefines Partner Marketing Automation with Full Automation, AdTech and AI to Drive Measurable Revenue",impartner-redefines-partner-marketing-automation-with-full-automation-adtech-and-ai-to-drive-measurable-revenue,AI Software,40.78,Review,Low,Weekly trend is not covered by an existing published article.
Shopify launches AI-powered marketing automation tool,shopify-launches-ai-powered-marketing-automation-tool,AI Software,40.66,News/Update,Low,Weekly trend is not covered by an existing published article.
best ai productivity software,best-ai-productivity-software,AI Software,39.94,Best Of,Low,Weekly trend is not covered by an existing published article.
How AI is upending SaaS tools,how-ai-is-upending-saas-tools,AI Software,39.9,Listicle,Low,Weekly trend is not covered by an existing published article.
best ai meeting software,best-ai-meeting-software,AI Software,39.64,Best Of,Low,Weekly trend is not covered by an existing published article.
best ai voice software,best-ai-voice-software,AI Software,39.64,Best Of,Low,Weekly trend is not covered by an existing published article.
best ai meeting tools,best-ai-meeting-tools,AI Software,39.4,Best Of,Low,Weekly trend is not covered by an existing published article.
