post_id,platform,target_url,tracked_url,topic,campaign,content_angle,has_utm
social-seed-32-linkedin,LinkedIn,https://review.mssmileenglish.com/best-ai-coding-tools-2026/?utm_source=linkedin,https://review.mssmileenglish.com/best-ai-coding-tools-2026/?utm_source=linkedin&utm_medium=social&utm_campaign=copilot-vs-codex-comparison&utm_content=social-seed-32-linkedin,Copilot vs Codex,copilot-vs-codex-comparison,comparison,true
social-seed-31-xxtwitter,X/Twitter,https://review.mssmileenglish.com/best-ai-coding-tools-2026/?utm_source=twitter,https://review.mssmileenglish.com/best-ai-coding-tools-2026/?utm_source=twitter&utm_medium=social&utm_campaign=copilot-vs-codex-comparison&utm_content=social-seed-31-xxtwitter,Copilot vs Codex,copilot-vs-codex-comparison,comparison,true
social-seed-34-telegram,Telegram,https://review.mssmileenglish.com/best-ai-coding-tools-2026/?utm_source=telegram,https://review.mssmileenglish.com/best-ai-coding-tools-2026/?utm_source=telegram&utm_medium=social&utm_campaign=copilot-vs-codex-comparison&utm_content=social-seed-34-telegram,Copilot vs Codex,copilot-vs-codex-comparison,comparison,true
social-seed-33-facebook,Facebook,https://review.mssmileenglish.com/best-ai-coding-tools-2026/?utm_source=facebook,https://review.mssmileenglish.com/best-ai-coding-tools-2026/?utm_source=facebook&utm_medium=social&utm_campaign=copilot-vs-codex-comparison&utm_content=social-seed-33-facebook,Copilot vs Codex,copilot-vs-codex-comparison,comparison,true
social-seed-36-linkedin,LinkedIn,https://review.mssmileenglish.com/review/cursor/?utm_source=linkedin,https://review.mssmileenglish.com/review/cursor/?utm_source=linkedin&utm_medium=social&utm_campaign=cursor-vs-codex-comparison&utm_content=social-seed-36-linkedin,Cursor vs Codex,cursor-vs-codex-comparison,comparison,true
social-seed-35-xxtwitter,X/Twitter,https://review.mssmileenglish.com/review/cursor/?utm_source=twitter,https://review.mssmileenglish.com/review/cursor/?utm_source=twitter&utm_medium=social&utm_campaign=cursor-vs-codex-comparison&utm_content=social-seed-35-xxtwitter,Cursor vs Codex,cursor-vs-codex-comparison,comparison,true
social-seed-38-telegram,Telegram,https://review.mssmileenglish.com/review/cursor/?utm_source=telegram,https://review.mssmileenglish.com/review/cursor/?utm_source=telegram&utm_medium=social&utm_campaign=cursor-vs-codex-comparison&utm_content=social-seed-38-telegram,Cursor vs Codex,cursor-vs-codex-comparison,comparison,true
social-seed-37-facebook,Facebook,https://review.mssmileenglish.com/review/cursor/?utm_source=facebook,https://review.mssmileenglish.com/review/cursor/?utm_source=facebook&utm_medium=social&utm_campaign=cursor-vs-codex-comparison&utm_content=social-seed-37-facebook,Cursor vs Codex,cursor-vs-codex-comparison,comparison,true
social-seed-44-linkedin,LinkedIn,https://review.mssmileenglish.com/review/cursor/?utm_source=linkedin,https://review.mssmileenglish.com/review/cursor/?utm_source=linkedin&utm_medium=social&utm_campaign=when-codex-fixes-what-cursor-breaks-failure-case&utm_content=social-seed-44-linkedin,When Codex fixes what Cursor breaks,when-codex-fixes-what-cursor-breaks-failure-case,failure_case,true
social-seed-43-xxtwitter,X/Twitter,https://review.mssmileenglish.com/review/cursor/?utm_source=twitter,https://review.mssmileenglish.com/review/cursor/?utm_source=twitter&utm_medium=social&utm_campaign=when-codex-fixes-what-cursor-breaks-failure-case&utm_content=social-seed-43-xxtwitter,When Codex fixes what Cursor breaks,when-codex-fixes-what-cursor-breaks-failure-case,failure_case,true
social-seed-46-telegram,Telegram,https://review.mssmileenglish.com/review/cursor/?utm_source=telegram,https://review.mssmileenglish.com/review/cursor/?utm_source=telegram&utm_medium=social&utm_campaign=when-codex-fixes-what-cursor-breaks-failure-case&utm_content=social-seed-46-telegram,When Codex fixes what Cursor breaks,when-codex-fixes-what-cursor-breaks-failure-case,failure_case,true
social-seed-45-facebook,Facebook,https://review.mssmileenglish.com/review/cursor/?utm_source=facebook,https://review.mssmileenglish.com/review/cursor/?utm_source=facebook&utm_medium=social&utm_campaign=when-codex-fixes-what-cursor-breaks-failure-case&utm_content=social-seed-45-facebook,When Codex fixes what Cursor breaks,when-codex-fixes-what-cursor-breaks-failure-case,failure_case,true
social-seed-56-linkedin,LinkedIn,https://review.mssmileenglish.com/comparisons/cursor-vs-copilot/?utm_source=linkedin,https://review.mssmileenglish.com/comparisons/cursor-vs-copilot/?utm_source=linkedin&utm_medium=social&utm_campaign=which-ai-survives-the-second-failed-fix-failure-case&utm_content=social-seed-56-linkedin,Which AI survives the second failed fix?,which-ai-survives-the-second-failed-fix-failure-case,failure_case,true
social-seed-55-xxtwitter,X/Twitter,https://review.mssmileenglish.com/comparisons/cursor-vs-copilot/?utm_source=twitter,https://review.mssmileenglish.com/comparisons/cursor-vs-copilot/?utm_source=twitter&utm_medium=social&utm_campaign=which-ai-survives-the-second-failed-fix-failure-case&utm_content=social-seed-55-xxtwitter,Which AI survives the second failed fix?,which-ai-survives-the-second-failed-fix-failure-case,failure_case,true
social-seed-58-telegram,Telegram,https://review.mssmileenglish.com/comparisons/cursor-vs-copilot/?utm_source=telegram,https://review.mssmileenglish.com/comparisons/cursor-vs-copilot/?utm_source=telegram&utm_medium=social&utm_campaign=which-ai-survives-the-second-failed-fix-failure-case&utm_content=social-seed-58-telegram,Which AI survives the second failed fix?,which-ai-survives-the-second-failed-fix-failure-case,failure_case,true
social-seed-57-facebook,Facebook,https://review.mssmileenglish.com/comparisons/cursor-vs-copilot/?utm_source=facebook,https://review.mssmileenglish.com/comparisons/cursor-vs-copilot/?utm_source=facebook&utm_medium=social&utm_campaign=which-ai-survives-the-second-failed-fix-failure-case&utm_content=social-seed-57-facebook,Which AI survives the second failed fix?,which-ai-survives-the-second-failed-fix-failure-case,failure_case,true
social-seed-21-telegram,Telegram,https://review.mssmileenglish.com/comparisons/cursor-vs-copilot/?utm_source=telegram,https://review.mssmileenglish.com/comparisons/cursor-vs-copilot/?utm_source=telegram&utm_medium=social&utm_campaign=cursor-vs-copilot-comparison&utm_content=social-seed-21-telegram,Cursor vs Copilot,cursor-vs-copilot-comparison,comparison,true
social-seed-01-linkedin,LinkedIn,https://review.mssmileenglish.com/comparisons/cursor-vs-copilot/?utm_source=linkedin,https://review.mssmileenglish.com/comparisons/cursor-vs-copilot/?utm_source=linkedin&utm_medium=social&utm_campaign=cursor-vs-copilot-debugging-speed-comparison&utm_content=social-seed-01-linkedin,Cursor vs Copilot: debugging speed,cursor-vs-copilot-debugging-speed-comparison,comparison,true
social-seed-02-linkedin,LinkedIn,https://review.mssmileenglish.com/comparisons/windsurf-vs-copilot/?utm_source=linkedin,https://review.mssmileenglish.com/comparisons/windsurf-vs-copilot/?utm_source=linkedin&utm_medium=social&utm_campaign=windsurf-vs-copilot-workflow-note-comparison&utm_content=social-seed-02-linkedin,Windsurf vs Copilot workflow note,windsurf-vs-copilot-workflow-note-comparison,comparison,true
social-seed-03-linkedin,LinkedIn,https://review.mssmileenglish.com/best-ai-seo-tools-2026/?utm_source=linkedin,https://review.mssmileenglish.com/best-ai-seo-tools-2026/?utm_source=linkedin&utm_medium=social&utm_campaign=best-ai-seo-tools-for-practical-teams-builder-note&utm_content=social-seed-03-linkedin,Best AI SEO tools for practical teams,best-ai-seo-tools-for-practical-teams-builder-note,builder_note,true
social-seed-04-linkedin,LinkedIn,https://review.mssmileenglish.com/best-ai-writing-tools-2026/?utm_source=linkedin,https://review.mssmileenglish.com/best-ai-writing-tools-2026/?utm_source=linkedin&utm_medium=social&utm_campaign=ai-writing-tools-need-editors-hot-take&utm_content=social-seed-04-linkedin,AI writing tools need editors,ai-writing-tools-need-editors-hot-take,hot_take,true
social-seed-05-linkedin,LinkedIn,https://review.mssmileenglish.com/best-ai-automation-tools-2026/?utm_source=linkedin,https://review.mssmileenglish.com/best-ai-automation-tools-2026/?utm_source=linkedin&utm_medium=social&utm_campaign=ai-automation-tools-and-failure-states-workflow-tip&utm_content=social-seed-05-linkedin,AI automation tools and failure states,ai-automation-tools-and-failure-states-workflow-tip,workflow_tip,true
social-seed-06-linkedin,LinkedIn,https://review.mssmileenglish.com/best-ai-video-tools-2026/?utm_source=linkedin,https://review.mssmileenglish.com/best-ai-video-tools-2026/?utm_source=linkedin&utm_medium=social&utm_campaign=ai-video-tools-for-realistic-workflows-workflow-tip&utm_content=social-seed-06-linkedin,AI video tools for realistic workflows,ai-video-tools-for-realistic-workflows-workflow-tip,workflow_tip,true
social-seed-07-linkedin,LinkedIn,https://review.mssmileenglish.com/comparisons/canva-vs-adobe-express/?utm_source=linkedin,https://review.mssmileenglish.com/comparisons/canva-vs-adobe-express/?utm_source=linkedin&utm_medium=social&utm_campaign=canva-vs-adobe-express-comparison&utm_content=social-seed-07-linkedin,Canva vs Adobe Express,canva-vs-adobe-express-comparison,comparison,true
social-seed-08-linkedin,LinkedIn,https://review.mssmileenglish.com/review/cursor/?utm_source=linkedin,https://review.mssmileenglish.com/review/cursor/?utm_source=linkedin&utm_medium=social&utm_campaign=cursor-review-for-builders-practical-review&utm_content=social-seed-08-linkedin,Cursor review for builders,cursor-review-for-builders-practical-review,practical_review,true
social-seed-09-linkedin,LinkedIn,https://review.mssmileenglish.com/review/semrush/?utm_source=linkedin,https://review.mssmileenglish.com/review/semrush/?utm_source=linkedin&utm_medium=social&utm_campaign=semrush-review-angle-practical-review&utm_content=social-seed-09-linkedin,Semrush review angle,semrush-review-angle-practical-review,practical_review,true
social-seed-10-linkedin,LinkedIn,https://review.mssmileenglish.com/review/make/?utm_source=linkedin,https://review.mssmileenglish.com/review/make/?utm_source=linkedin&utm_medium=social&utm_campaign=make-review-note-workflow-tip&utm_content=social-seed-10-linkedin,Make review note,make-review-note-workflow-tip,workflow_tip,true
social-seed-11-facebook,Facebook,https://review.mssmileenglish.com/comparisons/cursor-vs-copilot/?utm_source=facebook,https://review.mssmileenglish.com/comparisons/cursor-vs-copilot/?utm_source=facebook&utm_medium=social&utm_campaign=cursor-hay-copilot-comparison&utm_content=social-seed-11-facebook,Cursor hay Copilot?,cursor-hay-copilot-comparison,comparison,true
social-seed-12-facebook,Facebook,https://review.mssmileenglish.com/comparisons/windsurf-vs-copilot/?utm_source=facebook,https://review.mssmileenglish.com/comparisons/windsurf-vs-copilot/?utm_source=facebook&utm_medium=social&utm_campaign=windsurf-vs-copilot-th-c-t-comparison&utm_content=social-seed-12-facebook,Windsurf vs Copilot thực tế,windsurf-vs-copilot-th-c-t-comparison,comparison,true
social-seed-13-facebook,Facebook,https://review.mssmileenglish.com/best-ai-seo-tools-2026/?utm_source=facebook,https://review.mssmileenglish.com/best-ai-seo-tools-2026/?utm_source=facebook&utm_medium=social&utm_campaign=ai-seo-tools-2026-builder-note&utm_content=social-seed-13-facebook,AI SEO tools 2026,ai-seo-tools-2026-builder-note,builder_note,true
social-seed-14-facebook,Facebook,https://review.mssmileenglish.com/best-ai-writing-tools-2026/?utm_source=facebook,https://review.mssmileenglish.com/best-ai-writing-tools-2026/?utm_source=facebook&utm_medium=social&utm_campaign=ai-writing-tools-builder-note&utm_content=social-seed-14-facebook,AI writing tools,ai-writing-tools-builder-note,builder_note,true
social-seed-15-facebook,Facebook,https://review.mssmileenglish.com/best-ai-automation-tools-2026/?utm_source=facebook,https://review.mssmileenglish.com/best-ai-automation-tools-2026/?utm_source=facebook&utm_medium=social&utm_campaign=ai-automation-tools-workflow-tip&utm_content=social-seed-15-facebook,AI automation tools,ai-automation-tools-workflow-tip,workflow_tip,true
social-seed-16-facebook,Facebook,https://review.mssmileenglish.com/best-ai-video-tools-2026/?utm_source=facebook,https://review.mssmileenglish.com/best-ai-video-tools-2026/?utm_source=facebook&utm_medium=social&utm_campaign=ai-video-tools-builder-note&utm_content=social-seed-16-facebook,AI video tools,ai-video-tools-builder-note,builder_note,true
social-seed-17-facebook,Facebook,https://review.mssmileenglish.com/comparisons/canva-vs-adobe-express/?utm_source=facebook,https://review.mssmileenglish.com/comparisons/canva-vs-adobe-express/?utm_source=facebook&utm_medium=social&utm_campaign=canva-vs-adobe-express-comparison&utm_content=social-seed-17-facebook,Canva vs Adobe Express,canva-vs-adobe-express-comparison,comparison,true
social-seed-18-facebook,Facebook,https://review.mssmileenglish.com/review/cursor/?utm_source=facebook,https://review.mssmileenglish.com/review/cursor/?utm_source=facebook&utm_medium=social&utm_campaign=cursor-review-practical-review&utm_content=social-seed-18-facebook,Cursor review,cursor-review-practical-review,practical_review,true
social-seed-19-facebook,Facebook,https://review.mssmileenglish.com/review/zapier/?utm_source=facebook,https://review.mssmileenglish.com/review/zapier/?utm_source=facebook&utm_medium=social&utm_campaign=zapier-review-workflow-tip&utm_content=social-seed-19-facebook,Zapier review,zapier-review-workflow-tip,workflow_tip,true
social-seed-20-facebook,Facebook,https://review.mssmileenglish.com/review/elevenlabs/?utm_source=facebook,https://review.mssmileenglish.com/review/elevenlabs/?utm_source=facebook&utm_medium=social&utm_campaign=elevenlabs-review-practical-review&utm_content=social-seed-20-facebook,ElevenLabs review,elevenlabs-review-practical-review,practical_review,true
social-seed-22-telegram,Telegram,https://review.mssmileenglish.com/best-ai-seo-tools-2026/?utm_source=telegram,https://review.mssmileenglish.com/best-ai-seo-tools-2026/?utm_source=telegram&utm_medium=social&utm_campaign=ai-seo-tools-builder-note&utm_content=social-seed-22-telegram,AI SEO tools,ai-seo-tools-builder-note,builder_note,true
social-seed-23-telegram,Telegram,https://review.mssmileenglish.com/best-ai-automation-tools-2026/?utm_source=telegram,https://review.mssmileenglish.com/best-ai-automation-tools-2026/?utm_source=telegram&utm_medium=social&utm_campaign=automation-tools-workflow-tip&utm_content=social-seed-23-telegram,Automation tools,automation-tools-workflow-tip,workflow_tip,true
social-seed-24-telegram,Telegram,https://review.mssmileenglish.com/comparisons/windsurf-vs-copilot/?utm_source=telegram,https://review.mssmileenglish.com/comparisons/windsurf-vs-copilot/?utm_source=telegram&utm_medium=social&utm_campaign=windsurf-vs-copilot-comparison&utm_content=social-seed-24-telegram,Windsurf vs Copilot,windsurf-vs-copilot-comparison,comparison,true
social-seed-25-telegram,Telegram,https://review.mssmileenglish.com/review/cursor/?utm_source=telegram,https://review.mssmileenglish.com/review/cursor/?utm_source=telegram&utm_medium=social&utm_campaign=cursor-review-practical-review&utm_content=social-seed-25-telegram,Cursor review,cursor-review-practical-review,practical_review,true
social-seed-26-xxtwitter,X/Twitter,https://review.mssmileenglish.com/comparisons/cursor-vs-copilot/?utm_source=twitter,https://review.mssmileenglish.com/comparisons/cursor-vs-copilot/?utm_source=twitter&utm_medium=social&utm_campaign=cursor-vs-copilot-comparison&utm_content=social-seed-26-xxtwitter,Cursor vs Copilot,cursor-vs-copilot-comparison,comparison,true
social-seed-27-xxtwitter,X/Twitter,https://review.mssmileenglish.com/comparisons/windsurf-vs-copilot/?utm_source=twitter,https://review.mssmileenglish.com/comparisons/windsurf-vs-copilot/?utm_source=twitter&utm_medium=social&utm_campaign=windsurf-vs-copilot-comparison&utm_content=social-seed-27-xxtwitter,Windsurf vs Copilot,windsurf-vs-copilot-comparison,comparison,true
social-seed-28-xxtwitter,X/Twitter,https://review.mssmileenglish.com/best-ai-seo-tools-2026/?utm_source=twitter,https://review.mssmileenglish.com/best-ai-seo-tools-2026/?utm_source=twitter&utm_medium=social&utm_campaign=best-ai-seo-tools-builder-note&utm_content=social-seed-28-xxtwitter,Best AI SEO tools,best-ai-seo-tools-builder-note,builder_note,true
social-seed-29-xxtwitter,X/Twitter,https://review.mssmileenglish.com/best-ai-automation-tools-2026/?utm_source=twitter,https://review.mssmileenglish.com/best-ai-automation-tools-2026/?utm_source=twitter&utm_medium=social&utm_campaign=ai-automation-workflow-tip&utm_content=social-seed-29-xxtwitter,AI automation,ai-automation-workflow-tip,workflow_tip,true
social-seed-30-xxtwitter,X/Twitter,https://review.mssmileenglish.com/best-ai-writing-tools-2026/?utm_source=twitter,https://review.mssmileenglish.com/best-ai-writing-tools-2026/?utm_source=twitter&utm_medium=social&utm_campaign=ai-writing-tools-builder-note&utm_content=social-seed-30-xxtwitter,AI writing tools,ai-writing-tools-builder-note,builder_note,true
social-seed-40-linkedin,LinkedIn,https://review.mssmileenglish.com/windsurf-review/?utm_source=linkedin,https://review.mssmileenglish.com/windsurf-review/?utm_source=linkedin&utm_medium=social&utm_campaign=windsurf-codex-workflow-workflow-tip&utm_content=social-seed-40-linkedin,Windsurf + Codex workflow,windsurf-codex-workflow-workflow-tip,workflow_tip,true
social-seed-39-xxtwitter,X/Twitter,https://review.mssmileenglish.com/windsurf-review/?utm_source=twitter,https://review.mssmileenglish.com/windsurf-review/?utm_source=twitter&utm_medium=social&utm_campaign=windsurf-codex-workflow-workflow-tip&utm_content=social-seed-39-xxtwitter,Windsurf + Codex workflow,windsurf-codex-workflow-workflow-tip,workflow_tip,true
social-seed-42-telegram,Telegram,https://review.mssmileenglish.com/windsurf-review/?utm_source=telegram,https://review.mssmileenglish.com/windsurf-review/?utm_source=telegram&utm_medium=social&utm_campaign=windsurf-codex-workflow-workflow-tip&utm_content=social-seed-42-telegram,Windsurf + Codex workflow,windsurf-codex-workflow-workflow-tip,workflow_tip,true
social-seed-41-facebook,Facebook,https://review.mssmileenglish.com/windsurf-review/?utm_source=facebook,https://review.mssmileenglish.com/windsurf-review/?utm_source=facebook&utm_medium=social&utm_campaign=windsurf-codex-workflow-workflow-tip&utm_content=social-seed-41-facebook,Windsurf + Codex workflow,windsurf-codex-workflow-workflow-tip,workflow_tip,true
social-seed-48-linkedin,LinkedIn,https://review.mssmileenglish.com/best-ai-coding-tools-2026/?utm_source=linkedin,https://review.mssmileenglish.com/best-ai-coding-tools-2026/?utm_source=linkedin&utm_medium=social&utm_campaign=why-i-stopped-using-only-one-ai-coding-tool-hot-take&utm_content=social-seed-48-linkedin,Why I stopped using only one AI coding tool,why-i-stopped-using-only-one-ai-coding-tool-hot-take,hot_take,true
social-seed-47-xxtwitter,X/Twitter,https://review.mssmileenglish.com/best-ai-coding-tools-2026/?utm_source=twitter,https://review.mssmileenglish.com/best-ai-coding-tools-2026/?utm_source=twitter&utm_medium=social&utm_campaign=why-i-stopped-using-only-one-ai-coding-tool-hot-take&utm_content=social-seed-47-xxtwitter,Why I stopped using only one AI coding tool,why-i-stopped-using-only-one-ai-coding-tool-hot-take,hot_take,true
social-seed-50-telegram,Telegram,https://review.mssmileenglish.com/best-ai-coding-tools-2026/?utm_source=telegram,https://review.mssmileenglish.com/best-ai-coding-tools-2026/?utm_source=telegram&utm_medium=social&utm_campaign=why-i-stopped-using-only-one-ai-coding-tool-hot-take&utm_content=social-seed-50-telegram,Why I stopped using only one AI coding tool,why-i-stopped-using-only-one-ai-coding-tool-hot-take,hot_take,true
social-seed-49-facebook,Facebook,https://review.mssmileenglish.com/best-ai-coding-tools-2026/?utm_source=facebook,https://review.mssmileenglish.com/best-ai-coding-tools-2026/?utm_source=facebook&utm_medium=social&utm_campaign=why-i-stopped-using-only-one-ai-coding-tool-hot-take&utm_content=social-seed-49-facebook,Why I stopped using only one AI coding tool,why-i-stopped-using-only-one-ai-coding-tool-hot-take,hot_take,true
social-seed-52-linkedin,LinkedIn,https://review.mssmileenglish.com/best-ai-coding-tools-2026/?utm_source=linkedin,https://review.mssmileenglish.com/best-ai-coding-tools-2026/?utm_source=linkedin&utm_medium=social&utm_campaign=my-actual-ai-coding-workflow-in-2026-builder-note&utm_content=social-seed-52-linkedin,My actual AI coding workflow in 2026,my-actual-ai-coding-workflow-in-2026-builder-note,builder_note,true
social-seed-51-xxtwitter,X/Twitter,https://review.mssmileenglish.com/best-ai-coding-tools-2026/?utm_source=twitter,https://review.mssmileenglish.com/best-ai-coding-tools-2026/?utm_source=twitter&utm_medium=social&utm_campaign=my-actual-ai-coding-workflow-in-2026-builder-note&utm_content=social-seed-51-xxtwitter,My actual AI coding workflow in 2026,my-actual-ai-coding-workflow-in-2026-builder-note,builder_note,true
social-seed-54-telegram,Telegram,https://review.mssmileenglish.com/best-ai-coding-tools-2026/?utm_source=telegram,https://review.mssmileenglish.com/best-ai-coding-tools-2026/?utm_source=telegram&utm_medium=social&utm_campaign=my-actual-ai-coding-workflow-in-2026-builder-note&utm_content=social-seed-54-telegram,My actual AI coding workflow in 2026,my-actual-ai-coding-workflow-in-2026-builder-note,builder_note,true
social-seed-53-facebook,Facebook,https://review.mssmileenglish.com/best-ai-coding-tools-2026/?utm_source=facebook,https://review.mssmileenglish.com/best-ai-coding-tools-2026/?utm_source=facebook&utm_medium=social&utm_campaign=my-actual-ai-coding-workflow-in-2026-builder-note&utm_content=social-seed-53-facebook,My actual AI coding workflow in 2026,my-actual-ai-coding-workflow-in-2026-builder-note,builder_note,true
