rank,topic,slug,article_url,money_score,decision,estimated_monthly_traffic,estimated_affiliate_clicks,estimated_revenue,estimated_difficulty,expected_ranking_speed,confidence_score,buyer_intent,affiliate_program_quality,estimated_cpc,commercial_intent,seo_potential,trend_stability,evergreen_value,reason
1,"Tavant debuts agentic AI platform for software engineering, automation",tavant-debuts-agentic-ai-platform-for-software-engineering-automation,https://smileaireviewhub.com/tavant-debuts-agentic-ai-platform-for-software-engineering-automation/,71.6,WRITE THIS WEEK,1041,24.8,120.93,47.0,Medium,95.0,83.0,64.0,68.0,75.35,65.0,76.5,93.0,"High buyer intent, Solid affiliate value"
2,free-for-dev Review 2026,free-for-dev-review-2026,https://smileaireviewhub.com/free-for-dev-review-2026/,69.8,WRITE THIS WEEK,1490,35.8,169.28,37.0,Fast,95.0,78.0,63.0,64.0,82.1,67.0,65.7,65.0,"High buyer intent, Solid affiliate value, Video-friendly topic"
3,logto Review 2026,logto-review-2026,https://smileaireviewhub.com/logto-review-2026/,69.4,WRITE THIS WEEK,1377,33.1,156.52,37.0,Fast,95.0,78.0,63.0,64.0,82.1,65.0,63.2,65.0,"High buyer intent, Solid affiliate value, Video-friendly topic"
4,VulnClaw Review 2026,vulnclaw-review-2026,https://smileaireviewhub.com/vulnclaw-review-2026/,69.3,WRITE THIS WEEK,1356,32.6,154.15,37.0,Fast,95.0,78.0,63.0,64.0,82.1,64.0,63.2,65.0,"High buyer intent, Solid affiliate value, Video-friendly topic"
5,AI shakes SaaS as markets plunge and Korea races to reinvent software,ai-shakes-saas-as-markets-plunge-and-korea-races-to-reinvent-software,https://smileaireviewhub.com/ai-shakes-saas-as-markets-plunge-and-korea-races-to-reinvent-software/,69.2,WRITE THIS WEEK,1053,25.2,125.04,47.0,Medium,95.0,84.0,64.0,71.0,75.6,58.0,61.0,69.0,"High buyer intent, Solid affiliate value"
6,ai-berkshire Review 2026,ai-berkshire-review-2026,https://smileaireviewhub.com/ai-berkshire-review-2026/,69.0,WRITE THIS WEEK,1426,34.1,158.32,37.0,Fast,95.0,77.0,63.0,61.0,81.85,66.0,65.3,65.0,"High buyer intent, Solid affiliate value, Video-friendly topic"
7,agency-agents Review 2026,agency-agents-review-2026,https://smileaireviewhub.com/agency-agents-review-2026/,69.0,WRITE THIS WEEK,1426,34.1,158.32,37.0,Fast,95.0,77.0,63.0,61.0,81.85,66.0,65.3,65.0,"High buyer intent, Solid affiliate value, Video-friendly topic"
8,council-of-high-intelligence Review 2026,council-of-high-intelligence-review-2026,https://smileaireviewhub.com/council-of-high-intelligence-review-2026/,65.7,WRITE THIS WEEK,1399,32.7,140.77,37.0,Fast,95.0,73.0,58.0,55.0,80.85,64.0,61.3,61.0,"High buyer intent, Video-friendly topic"
9,cupy Review 2026,cupy-review-2026,https://smileaireviewhub.com/cupy-review-2026/,64.9,WRITE THIS WEEK,1335,31.1,131.21,37.0,Fast,95.0,72.0,58.0,52.0,80.6,63.0,61.3,61.0,"High buyer intent, Video-friendly topic"
10,Gradial Lands $65M Series C for Agentic Marketing Platform,gradial-lands-65m-series-c-for-agentic-marketing-platform,https://smileaireviewhub.com/gradial-lands-65m-series-c-for-agentic-marketing-platform/,64.5,WRITE THIS WEEK,982,22.8,101.51,47.0,Medium,95.0,78.0,59.0,59.0,74.1,55.0,58.3,65.0,High buyer intent
11,I signed up for another SaaS,i-signed-up-for-another-saas,https://smileaireviewhub.com/i-signed-up-for-another-saas/,64.5,WRITE THIS WEEK,982,22.8,101.51,47.0,Medium,95.0,78.0,59.0,59.0,74.1,55.0,58.3,65.0,High buyer intent
12,Open AI delayed GPT-5.6 after a U.S. government review request. Is AI regulation becoming the new normal?,open-ai-delayed-gpt-5-6-after-a-u-s-government-review-request-is-ai-regulation-becoming-the-new-normal,https://smileaireviewhub.com/open-ai-delayed-gpt-5-6-after-a-u-s-government-review-request-is-ai-regulation-becoming-the-new-normal/,63.8,WRITE THIS WEEK,1005,23.4,98.73,37.0,Medium,95.0,72.0,58.0,52.0,80.6,56.0,56.1,61.0,High buyer intent
13,AI coding tokens could soon cost as much as salaries,ai-coding-tokens-could-soon-cost-as-much-as-salaries,https://smileaireviewhub.com/ai-coding-tokens-could-soon-cost-as-much-as-salaries/,63.0,WRITE THIS WEEK,1047,24.0,102.51,47.0,Medium,95.0,74.0,51.0,62.0,75.7,57.0,58.3,65.0,High buyer intent
14,How AI is upending SaaS tools,how-ai-is-upending-saas-tools,https://smileaireviewhub.com/how-ai-is-upending-saas-tools/,62.8,WRITE THIS WEEK,883,18.9,92.16,59.0,Medium,95.0,75.0,64.0,68.0,59.050000000000004,53.0,61.0,69.0,"High buyer intent, Solid affiliate value"
15,best ai productivity software,best-ai-productivity-software,https://smileaireviewhub.com/best-ai-productivity-software/,61.5,WATCH,1063,23.2,106.06,59.0,Medium,95.0,72.0,66.0,55.0,66.30000000000001,55.0,59.2,61.0,"High buyer intent, Solid affiliate value"
16,best productivity software,best-productivity-software,https://smileaireviewhub.com/best-productivity-software/,61.5,WATCH,1063,23.2,106.06,59.0,Medium,95.0,72.0,66.0,55.0,66.30000000000001,55.0,59.2,61.0,"High buyer intent, Solid affiliate value"
17,The best AI coding tool isn't the one that writes the most code,the-best-ai-coding-tool-isn-t-the-one-that-writes-the-most-code,https://smileaireviewhub.com/the-best-ai-coding-tool-isn-t-the-one-that-writes-the-most-code/,61.5,WATCH,920,20.2,94.07,59.0,Medium,95.0,73.0,66.0,58.0,66.55000000000001,51.0,55.8,61.0,"High buyer intent, Solid affiliate value"
18,best ai image software,best-ai-image-software,https://smileaireviewhub.com/best-ai-image-software/,60.6,WATCH,1004,21.8,97.79,59.0,Medium,95.0,71.0,66.0,52.0,66.05000000000001,53.0,59.2,61.0,"High buyer intent, Solid affiliate value"
19,best ai meeting software,best-ai-meeting-software,https://smileaireviewhub.com/best-ai-meeting-software/,60.6,WATCH,1004,21.8,97.79,59.0,Medium,95.0,71.0,66.0,52.0,66.05000000000001,53.0,59.2,61.0,"High buyer intent, Solid affiliate value"
20,best ai search software,best-ai-search-software,https://smileaireviewhub.com/best-ai-search-software/,60.6,WATCH,1004,21.8,97.79,59.0,Medium,95.0,71.0,66.0,52.0,66.05000000000001,53.0,59.2,61.0,"High buyer intent, Solid affiliate value"
21,best ai voice software,best-ai-voice-software,https://smileaireviewhub.com/best-ai-voice-software/,60.6,WATCH,1004,21.8,97.79,59.0,Medium,95.0,71.0,66.0,52.0,66.05000000000001,53.0,59.2,61.0,"High buyer intent, Solid affiliate value"
22,affordable ai design platform,affordable-ai-design-platform,https://smileaireviewhub.com/affordable-ai-design-platform/,60.4,WATCH,1127,25.3,99.03,47.0,Medium,95.0,72.0,54.0,46.0,72.6,57.0,58.9,61.0,"High buyer intent, Video-friendly topic"
23,affordable ai image platform,affordable-ai-image-platform,https://smileaireviewhub.com/affordable-ai-image-platform/,60.4,WATCH,1127,25.3,99.03,47.0,Medium,95.0,72.0,54.0,46.0,72.6,57.0,58.9,61.0,"High buyer intent, Video-friendly topic"
24,affordable ai meeting platform,affordable-ai-meeting-platform,https://smileaireviewhub.com/affordable-ai-meeting-platform/,60.4,WATCH,1127,25.3,99.03,47.0,Medium,95.0,72.0,54.0,46.0,72.6,57.0,58.9,61.0,"High buyer intent, Video-friendly topic"
25,affordable ai search platform,affordable-ai-search-platform,https://smileaireviewhub.com/affordable-ai-search-platform/,60.4,WATCH,1127,25.3,99.03,47.0,Medium,95.0,72.0,54.0,46.0,72.6,57.0,58.9,61.0,"High buyer intent, Video-friendly topic"
26,affordable ai voice platform,affordable-ai-voice-platform,https://smileaireviewhub.com/affordable-ai-voice-platform/,60.4,WATCH,1127,25.3,99.03,47.0,Medium,95.0,72.0,54.0,46.0,72.6,57.0,58.9,61.0,"High buyer intent, Video-friendly topic"
27,best productivity tools,best-productivity-tools,https://smileaireviewhub.com/best-productivity-tools/,59.9,WATCH,1041,22.7,103.77,59.0,Medium,95.0,72.0,66.0,55.0,66.30000000000001,51.0,51.5,49.0,"High buyer intent, Solid affiliate value"
28,"CMO Vision: AI Is Rewiring How Marketing Is Understood, Shaped And Scaled",cmo-vision-ai-is-rewiring-how-marketing-is-understood-shaped-and-scaled,https://smileaireviewhub.com/cmo-vision-ai-is-rewiring-how-marketing-is-understood-shaped-and-scaled/,59.9,WATCH,1059,23.3,88.98,47.0,Medium,95.0,68.0,46.0,52.0,71.6,59.0,63.5,73.0,High buyer intent
29,PayU Brings AI Coding And CLI Tools To Payment Developers,payu-brings-ai-coding-and-cli-tools-to-payment-developers,https://smileaireviewhub.com/payu-brings-ai-coding-and-cli-tools-to-payment-developers/,59.9,WATCH,931,19.6,88.95,59.0,Medium,95.0,72.0,59.0,62.0,58.300000000000004,53.0,58.3,65.0,High buyer intent
30,best ai image tools,best-ai-image-tools,https://smileaireviewhub.com/best-ai-image-tools/,59.1,WATCH,982,21.3,95.55,59.0,Medium,95.0,71.0,66.0,52.0,66.05000000000001,49.0,51.5,49.0,"High buyer intent, Solid affiliate value, SEO potential is weak"
31,best ai meeting tools,best-ai-meeting-tools,https://smileaireviewhub.com/best-ai-meeting-tools/,59.1,WATCH,982,21.3,95.55,59.0,Medium,95.0,71.0,66.0,52.0,66.05000000000001,49.0,51.5,49.0,"High buyer intent, Solid affiliate value, SEO potential is weak"
32,Is SaaS dead?,is-saas-dead,https://smileaireviewhub.com/is-saas-dead/,59.0,WATCH,952,21.5,86.0,47.0,Medium,95.0,73.0,54.0,49.0,72.85,50.0,48.0,49.0,High buyer intent
33,12 Best AI for Coding Tools in 2026 (Vibecoding & Data Science),12-best-ai-for-coding-tools-in-2026-vibecoding-data-science,https://smileaireviewhub.com/12-best-ai-for-coding-tools-in-2026-vibecoding-data-science/,58.4,WATCH,791,17.2,77.15,59.0,Medium,95.0,71.0,66.0,52.0,66.05000000000001,45.0,48.0,49.0,"High buyer intent, Solid affiliate value"
34,"Impartner Redefines Partner Marketing Automation with Full Automation, AdTech and AI to Drive Measurable Revenue",impartner-redefines-partner-marketing-automation-with-full-automation-adtech-and-ai-to-drive-measurable-revenue,https://smileaireviewhub.com/impartner-redefines-partner-marketing-automation-with-full-automation-adtech-and-ai-to-drive-measurable-revenue/,57.6,WATCH,976,21.3,79.52,47.0,Medium,95.0,67.0,46.0,49.0,71.35,54.0,55.8,61.0,High buyer intent
35,Search Marketing’s Insight Gap: When Automation Replaces Understanding,search-marketing-s-insight-gap-when-automation-replaces-understanding,https://smileaireviewhub.com/search-marketing-s-insight-gap-when-automation-replaces-understanding/,57.6,WATCH,976,21.3,79.52,47.0,Medium,95.0,67.0,46.0,49.0,71.35,54.0,55.8,61.0,High buyer intent
36,The Future of Matrix Marketing: How AI and Environment Isolation are Replacing Legacy RPA,the-future-of-matrix-marketing-how-ai-and-environment-isolation-are-replacing-legacy-rpa,https://smileaireviewhub.com/the-future-of-matrix-marketing-how-ai-and-environment-isolation-are-replacing-legacy-rpa/,57.6,WATCH,976,21.3,79.52,47.0,Medium,95.0,67.0,46.0,49.0,71.35,54.0,55.8,61.0,High buyer intent
37,AI-powered vibe coding is gaining ground in Nepal,ai-powered-vibe-coding-is-gaining-ground-in-nepal,https://smileaireviewhub.com/ai-powered-vibe-coding-is-gaining-ground-in-nepal/,56.8,WATCH,917,19.9,72.59,47.0,Medium,95.0,66.0,46.0,46.0,71.1,53.0,55.8,61.0,High buyer intent
38,"Most AI Models Would Run Your Company Into the Ground, Princeton’s CEO-Bench Finds",most-ai-models-would-run-your-company-into-the-ground-princeton-s-ceo-bench-finds,https://smileaireviewhub.com/most-ai-models-would-run-your-company-into-the-ground-princeton-s-ceo-bench-finds/,56.0,WATCH,952,20.8,77.65,47.0,Medium,95.0,67.0,46.0,49.0,71.35,50.0,48.0,49.0,High buyer intent
39,"When An AI Agent Goes Rogue, Who Takes The Blame?",when-an-ai-agent-goes-rogue-who-takes-the-blame,https://smileaireviewhub.com/when-an-ai-agent-goes-rogue-who-takes-the-blame/,56.0,WATCH,952,20.8,77.65,47.0,Medium,95.0,67.0,46.0,49.0,71.35,50.0,48.0,49.0,High buyer intent
40,Filum.ai,filum-ai,https://smileaireviewhub.com/filum-ai/,55.7,WATCH,845,18.3,66.75,55.0,Medium,95.0,66.0,46.0,46.0,71.1,50.0,55.8,61.0,High buyer intent
41,Agent Mode by Receiptor AI,agent-mode-by-receiptor-ai,https://smileaireviewhub.com/agent-mode-by-receiptor-ai/,55.3,WATCH,893,19.4,70.76,47.0,Medium,95.0,66.0,46.0,46.0,71.1,49.0,48.3,49.0,High buyer intent
42,Import AI 447: The AGI economy; testing AIs with generated games; and agent ecologies,import-ai-447-the-agi-economy-testing-ais-with-generated-games-and-agent-ecologies,https://smileaireviewhub.com/import-ai-447-the-agi-economy-testing-ais-with-generated-games-and-agent-ecologies/,55.2,WATCH,893,19.4,70.76,47.0,Medium,95.0,66.0,46.0,46.0,71.1,49.0,48.0,49.0,High buyer intent
43,The first big exit in AI,the-first-big-exit-in-ai,https://smileaireviewhub.com/the-first-big-exit-in-ai/,55.2,WATCH,893,19.4,70.76,47.0,Medium,95.0,66.0,46.0,46.0,71.1,49.0,48.0,49.0,High buyer intent
44,Tidal AI Policy,tidal-ai-policy,https://smileaireviewhub.com/tidal-ai-policy/,52.4,WATCH,1189,25.1,80.92,47.0,Medium,95.0,61.0,41.0,37.0,69.85,54.0,51.0,45.0,Video-friendly topic
45,Ornith-1.0: self-improving open-source models for agentic coding,ornith-1-0-self-improving-open-source-models-for-agentic-coding,https://smileaireviewhub.com/ornith-1-0-self-improving-open-source-models-for-agentic-coding/,52.3,WATCH,1156,24.4,78.66,47.0,Medium,95.0,61.0,41.0,37.0,69.85,53.0,50.2,45.0,Video-friendly topic
46,Working With AI: A concrete example,working-with-ai-a-concrete-example,https://smileaireviewhub.com/working-with-ai-a-concrete-example/,52.3,WATCH,1130,23.8,76.73,47.0,Medium,95.0,61.0,41.0,37.0,69.85,53.0,49.9,45.0,Video-friendly topic
47,Ornith-1.0: Self-scaffolding LLMs for agentic coding,ornith-1-0-self-scaffolding-llms-for-agentic-coding,https://smileaireviewhub.com/ornith-1-0-self-scaffolding-llms-for-agentic-coding/,52.1,WATCH,1097,23.1,74.47,47.0,Medium,95.0,61.0,41.0,37.0,69.85,52.0,49.5,45.0,Video-friendly topic
48,Why Won't Europe Build AI Data Centers in Iceland?,why-won-t-europe-build-ai-data-centers-in-iceland,https://smileaireviewhub.com/why-won-t-europe-build-ai-data-centers-in-iceland/,51.9,WATCH,1051,22.2,71.57,47.0,Medium,95.0,61.0,41.0,37.0,69.85,51.0,48.5,45.0,Video-friendly topic
49,AI Companies Will Become Profitable Eventually. Here's why.,ai-companies-will-become-profitable-eventually-here-s-why,https://smileaireviewhub.com/ai-companies-will-become-profitable-eventually-here-s-why/,51.3,WATCH,881,18.6,59.96,47.0,Medium,95.0,61.0,41.0,37.0,69.85,47.0,45.7,45.0,Balanced topic opportunity
50,Ford rehires veteran engineers after AI fails to meet quality standards,ford-rehires-veteran-engineers-after-ai-fails-to-meet-quality-standards,https://smileaireviewhub.com/ford-rehires-veteran-engineers-after-ai-fails-to-meet-quality-standards/,51.3,WATCH,881,18.6,59.96,47.0,Medium,95.0,61.0,41.0,37.0,69.85,47.0,45.7,45.0,Balanced topic opportunity
51,"Has AI changed the way you think, not just the way you work?",has-ai-changed-the-way-you-think-not-just-the-way-you-work,https://smileaireviewhub.com/has-ai-changed-the-way-you-think-not-just-the-way-you-work/,51.3,WATCH,881,18.6,59.96,47.0,Medium,95.0,61.0,41.0,37.0,69.85,47.0,45.7,45.0,Balanced topic opportunity
52,"My AI Predictions, Two Years Later: The Ones That Landed",my-ai-predictions-two-years-later-the-ones-that-landed,https://smileaireviewhub.com/my-ai-predictions-two-years-later-the-ones-that-landed/,51.3,WATCH,881,18.6,59.96,47.0,Medium,95.0,61.0,41.0,37.0,69.85,47.0,45.7,45.0,Balanced topic opportunity
53,Palantir and Nvidia Expand Sovereign AI Partnership for US Government,palantir-and-nvidia-expand-sovereign-ai-partnership-for-us-government,https://smileaireviewhub.com/palantir-and-nvidia-expand-sovereign-ai-partnership-for-us-government/,51.3,WATCH,881,18.6,59.96,47.0,Medium,95.0,61.0,41.0,37.0,69.85,47.0,45.7,45.0,Balanced topic opportunity
54,What AI capability do you think is still surprisingly underdeveloped?,what-ai-capability-do-you-think-is-still-surprisingly-underdeveloped,https://smileaireviewhub.com/what-ai-capability-do-you-think-is-still-surprisingly-underdeveloped/,51.3,WATCH,881,18.6,59.96,47.0,Medium,95.0,61.0,41.0,37.0,69.85,47.0,45.7,45.0,Balanced topic opportunity
55,What if AI's failures reveal our vices more than its limits?,what-if-ai-s-failures-reveal-our-vices-more-than-its-limits,https://smileaireviewhub.com/what-if-ai-s-failures-reveal-our-vices-more-than-its-limits/,51.3,WATCH,881,18.6,59.96,47.0,Medium,95.0,61.0,41.0,37.0,69.85,47.0,45.7,45.0,Balanced topic opportunity
56,Working on my first fully featured Ai companion with Vision for games and movies n all that!,working-on-my-first-fully-featured-ai-companion-with-vision-for-games-and-movies-n-all-that,https://smileaireviewhub.com/working-on-my-first-fully-featured-ai-companion-with-vision-for-games-and-movies-n-all-that/,51.3,WATCH,881,18.6,59.96,47.0,Medium,95.0,61.0,41.0,37.0,69.85,47.0,45.7,45.0,Balanced topic opportunity
57,AI Is Automating Marketing Execution But Raising The Value Of Judgment,ai-is-automating-marketing-execution-but-raising-the-value-of-judgment,https://smileaireviewhub.com/ai-is-automating-marketing-execution-but-raising-the-value-of-judgment/,51.3,WATCH,881,18.6,59.96,47.0,Medium,95.0,61.0,41.0,37.0,69.85,47.0,45.3,45.0,Balanced topic opportunity
58,AI Slide Editor by CubeOne,ai-slide-editor-by-cubeone,https://smileaireviewhub.com/ai-slide-editor-by-cubeone/,51.3,WATCH,881,18.6,59.96,47.0,Medium,95.0,61.0,41.0,37.0,69.85,47.0,45.7,45.0,Balanced topic opportunity
59,Tough Tongue AI for Sales,tough-tongue-ai-for-sales,https://smileaireviewhub.com/tough-tongue-ai-for-sales/,51.3,WATCH,881,18.6,59.96,47.0,Medium,95.0,61.0,41.0,37.0,69.85,47.0,45.7,45.0,Balanced topic opportunity
60,"Hey Siri, meet AI",hey-siri-meet-ai,https://smileaireviewhub.com/hey-siri-meet-ai/,51.3,WATCH,881,18.6,59.96,47.0,Medium,95.0,61.0,41.0,37.0,69.85,47.0,45.3,45.0,Balanced topic opportunity
61,Import AI 445: Timing superintelligence; AIs solve frontier math proofs; a new ML research benchmark,import-ai-445-timing-superintelligence-ais-solve-frontier-math-proofs-a-new-ml-research-benchmark,https://smileaireviewhub.com/import-ai-445-timing-superintelligence-ais-solve-frontier-math-proofs-a-new-ml-research-benchmark/,51.3,WATCH,881,18.6,59.96,47.0,Medium,95.0,61.0,41.0,37.0,69.85,47.0,45.3,45.0,Balanced topic opportunity
62,Import AI 446: Nuclear LLMs; China's big AI benchmark; measurement and AI policy,import-ai-446-nuclear-llms-china-s-big-ai-benchmark-measurement-and-ai-policy,https://smileaireviewhub.com/import-ai-446-nuclear-llms-china-s-big-ai-benchmark-measurement-and-ai-policy/,51.3,WATCH,881,18.6,59.96,47.0,Medium,95.0,61.0,41.0,37.0,69.85,47.0,45.3,45.0,Balanced topic opportunity
63,Import AI 450: China's electronic warfare model; traumatized LLMs; and a scaling law for cyberattacks,import-ai-450-china-s-electronic-warfare-model-traumatized-llms-and-a-scaling-law-for-cyberattacks,https://smileaireviewhub.com/import-ai-450-china-s-electronic-warfare-model-traumatized-llms-and-a-scaling-law-for-cyberattacks/,51.3,WATCH,881,18.6,59.96,47.0,Medium,95.0,61.0,41.0,37.0,69.85,47.0,45.3,45.0,Balanced topic opportunity
64,"Import AI 451: Political superintelligence; Google's society of minds, and a robot drummer",import-ai-451-political-superintelligence-google-s-society-of-minds-and-a-robot-drummer,https://smileaireviewhub.com/import-ai-451-political-superintelligence-google-s-society-of-minds-and-a-robot-drummer/,51.3,WATCH,881,18.6,59.96,47.0,Medium,95.0,61.0,41.0,37.0,69.85,47.0,45.3,45.0,Balanced topic opportunity
65,Import AI 454: Automating alignment research; safety study of a Chinese model; HiFloat4,import-ai-454-automating-alignment-research-safety-study-of-a-chinese-model-hifloat4,https://smileaireviewhub.com/import-ai-454-automating-alignment-research-safety-study-of-a-chinese-model-hifloat4/,51.3,WATCH,881,18.6,59.96,47.0,Medium,95.0,61.0,41.0,37.0,69.85,47.0,45.3,45.0,Balanced topic opportunity
66,Import AI 456: RSI and economic growth; radical optionality for AI regulation; and a neural computer,import-ai-456-rsi-and-economic-growth-radical-optionality-for-ai-regulation-and-a-neural-computer,https://smileaireviewhub.com/import-ai-456-rsi-and-economic-growth-radical-optionality-for-ai-regulation-and-a-neural-computer/,51.3,WATCH,881,18.6,59.96,47.0,Medium,95.0,61.0,41.0,37.0,69.85,47.0,45.3,45.0,Balanced topic opportunity
67,Import AI 457: AI stuxnet; cursed Muon optimizer; and positive alignment,import-ai-457-ai-stuxnet-cursed-muon-optimizer-and-positive-alignment,https://smileaireviewhub.com/import-ai-457-ai-stuxnet-cursed-muon-optimizer-and-positive-alignment/,51.3,WATCH,881,18.6,59.96,47.0,Medium,95.0,61.0,41.0,37.0,69.85,47.0,45.3,45.0,Balanced topic opportunity
68,Import AI 458: Reckoning with the future; and a singularity story,import-ai-458-reckoning-with-the-future-and-a-singularity-story,https://smileaireviewhub.com/import-ai-458-reckoning-with-the-future-and-a-singularity-story/,51.3,WATCH,881,18.6,59.96,47.0,Medium,95.0,61.0,41.0,37.0,69.85,47.0,45.3,45.0,Balanced topic opportunity
69,"Import AI 460: Reward hacking society, RSI data from Anthropic; and RL-based quadcopter racing",import-ai-460-reward-hacking-society-rsi-data-from-anthropic-and-rl-based-quadcopter-racing,https://smileaireviewhub.com/import-ai-460-reward-hacking-society-rsi-data-from-anthropic-and-rl-based-quadcopter-racing/,51.3,WATCH,881,18.6,59.96,47.0,Medium,95.0,61.0,41.0,37.0,69.85,47.0,45.3,45.0,Balanced topic opportunity
70,"Import AI 461: ""Alignment is not on track""; FrontierCode; and synthetic research interns",import-ai-461-alignment-is-not-on-track-frontiercode-and-synthetic-research-interns,https://smileaireviewhub.com/import-ai-461-alignment-is-not-on-track-frontiercode-and-synthetic-research-interns/,51.3,WATCH,881,18.6,59.96,47.0,Medium,95.0,61.0,41.0,37.0,69.85,47.0,45.3,45.0,Balanced topic opportunity
71,Import AI 462: Superpersuasion; self-sustaining AI; paths to ASI,import-ai-462-superpersuasion-self-sustaining-ai-paths-to-asi,https://smileaireviewhub.com/import-ai-462-superpersuasion-self-sustaining-ai-paths-to-asi/,51.3,WATCH,881,18.6,59.96,47.0,Medium,95.0,61.0,41.0,37.0,69.85,47.0,45.3,45.0,Balanced topic opportunity
72,Import AI 463: Self-improving robots; a 10k Chinese GPU cluster; and an elegiac essay for the human era,import-ai-463-self-improving-robots-a-10k-chinese-gpu-cluster-and-an-elegiac-essay-for-the-human-era,https://smileaireviewhub.com/import-ai-463-self-improving-robots-a-10k-chinese-gpu-cluster-and-an-elegiac-essay-for-the-human-era/,51.3,WATCH,881,18.6,59.96,47.0,Medium,95.0,61.0,41.0,37.0,69.85,47.0,45.3,45.0,Balanced topic opportunity
73,ImportAI 449: LLMs training other LLMs; 72B distributed training run; computer vision is harder than generative text,importai-449-llms-training-other-llms-72b-distributed-training-run-computer-vision-is-harder-than-generative-text,https://smileaireviewhub.com/importai-449-llms-training-other-llms-72b-distributed-training-run-computer-vision-is-harder-than-generative-text/,51.3,WATCH,881,18.6,59.96,47.0,Medium,95.0,61.0,41.0,37.0,69.85,47.0,45.3,45.0,Balanced topic opportunity
74,A language model that runs on 5$ chip,a-language-model-that-runs-on-5-chip,https://smileaireviewhub.com/a-language-model-that-runs-on-5-chip/,51.3,WATCH,881,18.6,59.96,47.0,Medium,95.0,61.0,41.0,37.0,69.85,47.0,45.7,45.0,Balanced topic opportunity
75,I built a benchmark for multi-turn prompt injection attacks. Most defenses never see them coming.,i-built-a-benchmark-for-multi-turn-prompt-injection-attacks-most-defenses-never-see-them-coming,https://smileaireviewhub.com/i-built-a-benchmark-for-multi-turn-prompt-injection-attacks-most-defenses-never-see-them-coming/,51.3,WATCH,881,18.6,59.96,47.0,Medium,95.0,61.0,41.0,37.0,69.85,47.0,45.7,45.0,Balanced topic opportunity
76,Folio AI,folio-ai,https://smileaireviewhub.com/folio-ai/,50.3,WATCH,817,17.2,55.45,55.0,Medium,95.0,61.0,41.0,37.0,69.85,45.0,45.7,45.0,Balanced topic opportunity
77,Oxlo.ai,oxlo-ai,https://smileaireviewhub.com/oxlo-ai/,50.3,WATCH,817,17.2,55.45,55.0,Medium,95.0,61.0,41.0,37.0,69.85,45.0,45.7,45.0,Balanced topic opportunity
78,discode.ai,discode-ai,https://smileaireviewhub.com/discode-ai/,50.3,WATCH,817,17.2,55.45,55.0,Medium,95.0,61.0,41.0,37.0,69.85,45.0,45.7,45.0,Balanced topic opportunity
79,BetterCloud Unveils AI-Native Next Generation SaaS Management Platform to Help Enterprises Govern AI at Scale,bettercloud-unveils-ai-native-next-generation-saas-management-platform-to-help-enterprises-govern-ai-at-scale,https://smileaireviewhub.com/bettercloud-unveils-ai-native-next-generation-saas-management-platform-to-help-enterprises-govern-ai-at-scale/,49.6,WATCH,982,18.6,67.31,47.0,Medium,95.0,53.0,34.0,59.0,56.15,55.0,42.1,40.0,Balanced topic opportunity
80,SaaS stocks are rallying on AI optimism. 3 stocks to buy now.,saas-stocks-are-rallying-on-ai-optimism-3-stocks-to-buy-now,https://smileaireviewhub.com/saas-stocks-are-rallying-on-ai-optimism-3-stocks-to-buy-now/,48.5,WATCH,952,18.1,67.66,47.0,Medium,95.0,54.0,41.0,55.0,56.4,50.0,31.7,24.0,SEO potential is weak
81,Shopify launches AI-powered marketing automation tool,shopify-launches-ai-powered-marketing-automation-tool,https://smileaireviewhub.com/shopify-launches-ai-powered-marketing-automation-tool/,46.1,WATCH,988,16.4,59.35,47.0,Medium,95.0,46.0,34.0,59.0,40.1,56.0,43.4,42.0,Balanced topic opportunity
82,Reco Launches Industry-First AI Agent Security to Tackle Agent Sprawl Across SaaS,reco-launches-industry-first-ai-agent-security-to-tackle-agent-sprawl-across-saas,https://smileaireviewhub.com/reco-launches-industry-first-ai-agent-security-to-tackle-agent-sprawl-across-saas/,44.6,DELETE,1065,18.0,68.23,47.0,Medium,95.0,48.0,34.0,65.0,40.6,51.0,27.8,18.0,SEO potential is weak
83,ImageKit Launches Creative Automation with AI Assist to Help Teams Generate On-Brand Visuals at Scale,imagekit-launches-creative-automation-with-ai-assist-to-help-teams-generate-on-brand-visuals-at-scale,https://smileaireviewhub.com/imagekit-launches-creative-automation-with-ai-assist-to-help-teams-generate-on-brand-visuals-at-scale/,43.2,DELETE,988,15.7,52.63,47.0,Medium,95.0,40.0,26.0,59.0,38.6,56.0,43.4,42.0,Balanced topic opportunity
84,Asian AI startups launch Mythos-like models as Anthropic's export ban drags on,asian-ai-startups-launch-mythos-like-models-as-anthropic-s-export-ban-drags-on,https://smileaireviewhub.com/asian-ai-startups-launch-mythos-like-models-as-anthropic-s-export-ban-drags-on/,36.4,DELETE,881,14.8,35.38,47.0,Medium,95.0,36.0,16.0,37.0,51.9,47.0,29.4,20.0,"Conversion or revenue potential is low, SEO potential is weak"
