tracking_id,source,medium,campaign,content,platform,target_url,tracked_url,redirect_path,status
best-ai-coding-tools-2026-linkedin-social-seed-32-linkedin,linkedin,organic_social,copilot-vs-codex-comparison,comparison,LinkedIn,https://review.mssmileenglish.com/best-ai-coding-tools-2026/?utm_source=linkedin,https://review.mssmileenglish.com/best-ai-coding-tools-2026/?utm_source=linkedin&utm_medium=social&utm_campaign=copilot-vs-codex-comparison&utm_content=social-seed-32-linkedin,/go/best-ai-coding-tools-2026-linkedin-social-seed-32-linkedin/,ready
best-ai-coding-tools-2026-twitter-social-seed-31-xxtwitter,twitter,organic_social,copilot-vs-codex-comparison,comparison,X/Twitter,https://review.mssmileenglish.com/best-ai-coding-tools-2026/?utm_source=twitter,https://review.mssmileenglish.com/best-ai-coding-tools-2026/?utm_source=twitter&utm_medium=social&utm_campaign=copilot-vs-codex-comparison&utm_content=social-seed-31-xxtwitter,/go/best-ai-coding-tools-2026-twitter-social-seed-31-xxtwitter/,ready
best-ai-coding-tools-2026-telegram-social-seed-34-telegram,telegram,organic_social,copilot-vs-codex-comparison,comparison,Telegram,https://review.mssmileenglish.com/best-ai-coding-tools-2026/?utm_source=telegram,https://review.mssmileenglish.com/best-ai-coding-tools-2026/?utm_source=telegram&utm_medium=social&utm_campaign=copilot-vs-codex-comparison&utm_content=social-seed-34-telegram,/go/best-ai-coding-tools-2026-telegram-social-seed-34-telegram/,ready
best-ai-coding-tools-2026-facebook-social-seed-33-facebook,facebook,organic_social,copilot-vs-codex-comparison,comparison,Facebook,https://review.mssmileenglish.com/best-ai-coding-tools-2026/?utm_source=facebook,https://review.mssmileenglish.com/best-ai-coding-tools-2026/?utm_source=facebook&utm_medium=social&utm_campaign=copilot-vs-codex-comparison&utm_content=social-seed-33-facebook,/go/best-ai-coding-tools-2026-facebook-social-seed-33-facebook/,ready
cursor-linkedin-social-seed-36-linkedin,linkedin,organic_social,cursor-vs-codex-comparison,comparison,LinkedIn,https://review.mssmileenglish.com/review/cursor/?utm_source=linkedin,https://review.mssmileenglish.com/review/cursor/?utm_source=linkedin&utm_medium=social&utm_campaign=cursor-vs-codex-comparison&utm_content=social-seed-36-linkedin,/go/cursor-linkedin-social-seed-36-linkedin/,ready
cursor-twitter-social-seed-35-xxtwitter,twitter,organic_social,cursor-vs-codex-comparison,comparison,X/Twitter,https://review.mssmileenglish.com/review/cursor/?utm_source=twitter,https://review.mssmileenglish.com/review/cursor/?utm_source=twitter&utm_medium=social&utm_campaign=cursor-vs-codex-comparison&utm_content=social-seed-35-xxtwitter,/go/cursor-twitter-social-seed-35-xxtwitter/,ready
cursor-telegram-social-seed-38-telegram,telegram,organic_social,cursor-vs-codex-comparison,comparison,Telegram,https://review.mssmileenglish.com/review/cursor/?utm_source=telegram,https://review.mssmileenglish.com/review/cursor/?utm_source=telegram&utm_medium=social&utm_campaign=cursor-vs-codex-comparison&utm_content=social-seed-38-telegram,/go/cursor-telegram-social-seed-38-telegram/,ready
cursor-facebook-social-seed-37-facebook,facebook,organic_social,cursor-vs-codex-comparison,comparison,Facebook,https://review.mssmileenglish.com/review/cursor/?utm_source=facebook,https://review.mssmileenglish.com/review/cursor/?utm_source=facebook&utm_medium=social&utm_campaign=cursor-vs-codex-comparison&utm_content=social-seed-37-facebook,/go/cursor-facebook-social-seed-37-facebook/,ready
cursor-linkedin-social-seed-44-linkedin,linkedin,organic_social,when-codex-fixes-what-cursor-breaks-failure-case,failure_case,LinkedIn,https://review.mssmileenglish.com/review/cursor/?utm_source=linkedin,https://review.mssmileenglish.com/review/cursor/?utm_source=linkedin&utm_medium=social&utm_campaign=when-codex-fixes-what-cursor-breaks-failure-case&utm_content=social-seed-44-linkedin,/go/cursor-linkedin-social-seed-44-linkedin/,ready
cursor-twitter-social-seed-43-xxtwitter,twitter,organic_social,when-codex-fixes-what-cursor-breaks-failure-case,failure_case,X/Twitter,https://review.mssmileenglish.com/review/cursor/?utm_source=twitter,https://review.mssmileenglish.com/review/cursor/?utm_source=twitter&utm_medium=social&utm_campaign=when-codex-fixes-what-cursor-breaks-failure-case&utm_content=social-seed-43-xxtwitter,/go/cursor-twitter-social-seed-43-xxtwitter/,ready
cursor-telegram-social-seed-46-telegram,telegram,organic_social,when-codex-fixes-what-cursor-breaks-failure-case,failure_case,Telegram,https://review.mssmileenglish.com/review/cursor/?utm_source=telegram,https://review.mssmileenglish.com/review/cursor/?utm_source=telegram&utm_medium=social&utm_campaign=when-codex-fixes-what-cursor-breaks-failure-case&utm_content=social-seed-46-telegram,/go/cursor-telegram-social-seed-46-telegram/,ready
cursor-facebook-social-seed-45-facebook,facebook,organic_social,when-codex-fixes-what-cursor-breaks-failure-case,failure_case,Facebook,https://review.mssmileenglish.com/review/cursor/?utm_source=facebook,https://review.mssmileenglish.com/review/cursor/?utm_source=facebook&utm_medium=social&utm_campaign=when-codex-fixes-what-cursor-breaks-failure-case&utm_content=social-seed-45-facebook,/go/cursor-facebook-social-seed-45-facebook/,ready
cursor-vs-copilot-linkedin-social-seed-56-linkedin,linkedin,organic_social,which-ai-survives-the-second-failed-fix-failure-case,failure_case,LinkedIn,https://review.mssmileenglish.com/comparisons/cursor-vs-copilot/?utm_source=linkedin,https://review.mssmileenglish.com/comparisons/cursor-vs-copilot/?utm_source=linkedin&utm_medium=social&utm_campaign=which-ai-survives-the-second-failed-fix-failure-case&utm_content=social-seed-56-linkedin,/go/cursor-vs-copilot-linkedin-social-seed-56-linkedin/,ready
cursor-vs-copilot-twitter-social-seed-55-xxtwitter,twitter,organic_social,which-ai-survives-the-second-failed-fix-failure-case,failure_case,X/Twitter,https://review.mssmileenglish.com/comparisons/cursor-vs-copilot/?utm_source=twitter,https://review.mssmileenglish.com/comparisons/cursor-vs-copilot/?utm_source=twitter&utm_medium=social&utm_campaign=which-ai-survives-the-second-failed-fix-failure-case&utm_content=social-seed-55-xxtwitter,/go/cursor-vs-copilot-twitter-social-seed-55-xxtwitter/,ready
cursor-vs-copilot-telegram-social-seed-58-telegram,telegram,organic_social,which-ai-survives-the-second-failed-fix-failure-case,failure_case,Telegram,https://review.mssmileenglish.com/comparisons/cursor-vs-copilot/?utm_source=telegram,https://review.mssmileenglish.com/comparisons/cursor-vs-copilot/?utm_source=telegram&utm_medium=social&utm_campaign=which-ai-survives-the-second-failed-fix-failure-case&utm_content=social-seed-58-telegram,/go/cursor-vs-copilot-telegram-social-seed-58-telegram/,ready
cursor-vs-copilot-facebook-social-seed-57-facebook,facebook,organic_social,which-ai-survives-the-second-failed-fix-failure-case,failure_case,Facebook,https://review.mssmileenglish.com/comparisons/cursor-vs-copilot/?utm_source=facebook,https://review.mssmileenglish.com/comparisons/cursor-vs-copilot/?utm_source=facebook&utm_medium=social&utm_campaign=which-ai-survives-the-second-failed-fix-failure-case&utm_content=social-seed-57-facebook,/go/cursor-vs-copilot-facebook-social-seed-57-facebook/,ready
cursor-vs-copilot-telegram-social-seed-21-telegram,telegram,organic_social,cursor-vs-copilot-comparison,comparison,Telegram,https://review.mssmileenglish.com/comparisons/cursor-vs-copilot/?utm_source=telegram,https://review.mssmileenglish.com/comparisons/cursor-vs-copilot/?utm_source=telegram&utm_medium=social&utm_campaign=cursor-vs-copilot-comparison&utm_content=social-seed-21-telegram,/go/cursor-vs-copilot-telegram-social-seed-21-telegram/,ready
cursor-vs-copilot-linkedin-social-seed-01-linkedin,linkedin,organic_social,cursor-vs-copilot-debugging-speed-comparison,comparison,LinkedIn,https://review.mssmileenglish.com/comparisons/cursor-vs-copilot/?utm_source=linkedin,https://review.mssmileenglish.com/comparisons/cursor-vs-copilot/?utm_source=linkedin&utm_medium=social&utm_campaign=cursor-vs-copilot-debugging-speed-comparison&utm_content=social-seed-01-linkedin,/go/cursor-vs-copilot-linkedin-social-seed-01-linkedin/,ready
windsurf-vs-copilot-linkedin-social-seed-02-linkedin,linkedin,organic_social,windsurf-vs-copilot-workflow-note-comparison,comparison,LinkedIn,https://review.mssmileenglish.com/comparisons/windsurf-vs-copilot/?utm_source=linkedin,https://review.mssmileenglish.com/comparisons/windsurf-vs-copilot/?utm_source=linkedin&utm_medium=social&utm_campaign=windsurf-vs-copilot-workflow-note-comparison&utm_content=social-seed-02-linkedin,/go/windsurf-vs-copilot-linkedin-social-seed-02-linkedin/,ready
best-ai-seo-tools-2026-linkedin-social-seed-03-linkedin,linkedin,organic_social,best-ai-seo-tools-for-practical-teams-builder-note,builder_note,LinkedIn,https://review.mssmileenglish.com/best-ai-seo-tools-2026/?utm_source=linkedin,https://review.mssmileenglish.com/best-ai-seo-tools-2026/?utm_source=linkedin&utm_medium=social&utm_campaign=best-ai-seo-tools-for-practical-teams-builder-note&utm_content=social-seed-03-linkedin,/go/best-ai-seo-tools-2026-linkedin-social-seed-03-linkedin/,ready
best-ai-writing-tools-2026-linkedin-social-seed-04-linkedin,linkedin,organic_social,ai-writing-tools-need-editors-hot-take,hot_take,LinkedIn,https://review.mssmileenglish.com/best-ai-writing-tools-2026/?utm_source=linkedin,https://review.mssmileenglish.com/best-ai-writing-tools-2026/?utm_source=linkedin&utm_medium=social&utm_campaign=ai-writing-tools-need-editors-hot-take&utm_content=social-seed-04-linkedin,/go/best-ai-writing-tools-2026-linkedin-social-seed-04-linkedin/,ready
best-ai-automation-tools-2026-linkedin-social-seed-05-linkedin,linkedin,organic_social,ai-automation-tools-and-failure-states-workflow-tip,workflow_tip,LinkedIn,https://review.mssmileenglish.com/best-ai-automation-tools-2026/?utm_source=linkedin,https://review.mssmileenglish.com/best-ai-automation-tools-2026/?utm_source=linkedin&utm_medium=social&utm_campaign=ai-automation-tools-and-failure-states-workflow-tip&utm_content=social-seed-05-linkedin,/go/best-ai-automation-tools-2026-linkedin-social-seed-05-linkedin/,ready
best-ai-video-tools-2026-linkedin-social-seed-06-linkedin,linkedin,organic_social,ai-video-tools-for-realistic-workflows-workflow-tip,workflow_tip,LinkedIn,https://review.mssmileenglish.com/best-ai-video-tools-2026/?utm_source=linkedin,https://review.mssmileenglish.com/best-ai-video-tools-2026/?utm_source=linkedin&utm_medium=social&utm_campaign=ai-video-tools-for-realistic-workflows-workflow-tip&utm_content=social-seed-06-linkedin,/go/best-ai-video-tools-2026-linkedin-social-seed-06-linkedin/,ready
canva-vs-adobe-express-linkedin-social-seed-07-linkedin,linkedin,organic_social,canva-vs-adobe-express-comparison,comparison,LinkedIn,https://review.mssmileenglish.com/comparisons/canva-vs-adobe-express/?utm_source=linkedin,https://review.mssmileenglish.com/comparisons/canva-vs-adobe-express/?utm_source=linkedin&utm_medium=social&utm_campaign=canva-vs-adobe-express-comparison&utm_content=social-seed-07-linkedin,/go/canva-vs-adobe-express-linkedin-social-seed-07-linkedin/,ready
cursor-linkedin-social-seed-08-linkedin,linkedin,organic_social,cursor-review-for-builders-practical-review,practical_review,LinkedIn,https://review.mssmileenglish.com/review/cursor/?utm_source=linkedin,https://review.mssmileenglish.com/review/cursor/?utm_source=linkedin&utm_medium=social&utm_campaign=cursor-review-for-builders-practical-review&utm_content=social-seed-08-linkedin,/go/cursor-linkedin-social-seed-08-linkedin/,ready
semrush-linkedin-social-seed-09-linkedin,linkedin,organic_social,semrush-review-angle-practical-review,practical_review,LinkedIn,https://review.mssmileenglish.com/review/semrush/?utm_source=linkedin,https://review.mssmileenglish.com/review/semrush/?utm_source=linkedin&utm_medium=social&utm_campaign=semrush-review-angle-practical-review&utm_content=social-seed-09-linkedin,/go/semrush-linkedin-social-seed-09-linkedin/,ready
make-linkedin-social-seed-10-linkedin,linkedin,organic_social,make-review-note-workflow-tip,workflow_tip,LinkedIn,https://review.mssmileenglish.com/review/make/?utm_source=linkedin,https://review.mssmileenglish.com/review/make/?utm_source=linkedin&utm_medium=social&utm_campaign=make-review-note-workflow-tip&utm_content=social-seed-10-linkedin,/go/make-linkedin-social-seed-10-linkedin/,ready
cursor-vs-copilot-facebook-social-seed-11-facebook,facebook,organic_social,cursor-hay-copilot-comparison,comparison,Facebook,https://review.mssmileenglish.com/comparisons/cursor-vs-copilot/?utm_source=facebook,https://review.mssmileenglish.com/comparisons/cursor-vs-copilot/?utm_source=facebook&utm_medium=social&utm_campaign=cursor-hay-copilot-comparison&utm_content=social-seed-11-facebook,/go/cursor-vs-copilot-facebook-social-seed-11-facebook/,ready
windsurf-vs-copilot-facebook-social-seed-12-facebook,facebook,organic_social,windsurf-vs-copilot-th-c-t-comparison,comparison,Facebook,https://review.mssmileenglish.com/comparisons/windsurf-vs-copilot/?utm_source=facebook,https://review.mssmileenglish.com/comparisons/windsurf-vs-copilot/?utm_source=facebook&utm_medium=social&utm_campaign=windsurf-vs-copilot-th-c-t-comparison&utm_content=social-seed-12-facebook,/go/windsurf-vs-copilot-facebook-social-seed-12-facebook/,ready
best-ai-seo-tools-2026-facebook-social-seed-13-facebook,facebook,organic_social,ai-seo-tools-2026-builder-note,builder_note,Facebook,https://review.mssmileenglish.com/best-ai-seo-tools-2026/?utm_source=facebook,https://review.mssmileenglish.com/best-ai-seo-tools-2026/?utm_source=facebook&utm_medium=social&utm_campaign=ai-seo-tools-2026-builder-note&utm_content=social-seed-13-facebook,/go/best-ai-seo-tools-2026-facebook-social-seed-13-facebook/,ready
best-ai-writing-tools-2026-facebook-social-seed-14-facebook,facebook,organic_social,ai-writing-tools-builder-note,builder_note,Facebook,https://review.mssmileenglish.com/best-ai-writing-tools-2026/?utm_source=facebook,https://review.mssmileenglish.com/best-ai-writing-tools-2026/?utm_source=facebook&utm_medium=social&utm_campaign=ai-writing-tools-builder-note&utm_content=social-seed-14-facebook,/go/best-ai-writing-tools-2026-facebook-social-seed-14-facebook/,ready
best-ai-automation-tools-2026-facebook-social-seed-15-facebook,facebook,organic_social,ai-automation-tools-workflow-tip,workflow_tip,Facebook,https://review.mssmileenglish.com/best-ai-automation-tools-2026/?utm_source=facebook,https://review.mssmileenglish.com/best-ai-automation-tools-2026/?utm_source=facebook&utm_medium=social&utm_campaign=ai-automation-tools-workflow-tip&utm_content=social-seed-15-facebook,/go/best-ai-automation-tools-2026-facebook-social-seed-15-facebook/,ready
best-ai-video-tools-2026-facebook-social-seed-16-facebook,facebook,organic_social,ai-video-tools-builder-note,builder_note,Facebook,https://review.mssmileenglish.com/best-ai-video-tools-2026/?utm_source=facebook,https://review.mssmileenglish.com/best-ai-video-tools-2026/?utm_source=facebook&utm_medium=social&utm_campaign=ai-video-tools-builder-note&utm_content=social-seed-16-facebook,/go/best-ai-video-tools-2026-facebook-social-seed-16-facebook/,ready
canva-vs-adobe-express-facebook-social-seed-17-facebook,facebook,organic_social,canva-vs-adobe-express-comparison,comparison,Facebook,https://review.mssmileenglish.com/comparisons/canva-vs-adobe-express/?utm_source=facebook,https://review.mssmileenglish.com/comparisons/canva-vs-adobe-express/?utm_source=facebook&utm_medium=social&utm_campaign=canva-vs-adobe-express-comparison&utm_content=social-seed-17-facebook,/go/canva-vs-adobe-express-facebook-social-seed-17-facebook/,ready
cursor-facebook-social-seed-18-facebook,facebook,organic_social,cursor-review-practical-review,practical_review,Facebook,https://review.mssmileenglish.com/review/cursor/?utm_source=facebook,https://review.mssmileenglish.com/review/cursor/?utm_source=facebook&utm_medium=social&utm_campaign=cursor-review-practical-review&utm_content=social-seed-18-facebook,/go/cursor-facebook-social-seed-18-facebook/,ready
zapier-facebook-social-seed-19-facebook,facebook,organic_social,zapier-review-workflow-tip,workflow_tip,Facebook,https://review.mssmileenglish.com/review/zapier/?utm_source=facebook,https://review.mssmileenglish.com/review/zapier/?utm_source=facebook&utm_medium=social&utm_campaign=zapier-review-workflow-tip&utm_content=social-seed-19-facebook,/go/zapier-facebook-social-seed-19-facebook/,ready
elevenlabs-facebook-social-seed-20-facebook,facebook,organic_social,elevenlabs-review-practical-review,practical_review,Facebook,https://review.mssmileenglish.com/review/elevenlabs/?utm_source=facebook,https://review.mssmileenglish.com/review/elevenlabs/?utm_source=facebook&utm_medium=social&utm_campaign=elevenlabs-review-practical-review&utm_content=social-seed-20-facebook,/go/elevenlabs-facebook-social-seed-20-facebook/,ready
best-ai-seo-tools-2026-telegram-social-seed-22-telegram,telegram,organic_social,ai-seo-tools-builder-note,builder_note,Telegram,https://review.mssmileenglish.com/best-ai-seo-tools-2026/?utm_source=telegram,https://review.mssmileenglish.com/best-ai-seo-tools-2026/?utm_source=telegram&utm_medium=social&utm_campaign=ai-seo-tools-builder-note&utm_content=social-seed-22-telegram,/go/best-ai-seo-tools-2026-telegram-social-seed-22-telegram/,ready
best-ai-automation-tools-2026-telegram-social-seed-23-telegram,telegram,organic_social,automation-tools-workflow-tip,workflow_tip,Telegram,https://review.mssmileenglish.com/best-ai-automation-tools-2026/?utm_source=telegram,https://review.mssmileenglish.com/best-ai-automation-tools-2026/?utm_source=telegram&utm_medium=social&utm_campaign=automation-tools-workflow-tip&utm_content=social-seed-23-telegram,/go/best-ai-automation-tools-2026-telegram-social-seed-23-telegram/,ready
windsurf-vs-copilot-telegram-social-seed-24-telegram,telegram,organic_social,windsurf-vs-copilot-comparison,comparison,Telegram,https://review.mssmileenglish.com/comparisons/windsurf-vs-copilot/?utm_source=telegram,https://review.mssmileenglish.com/comparisons/windsurf-vs-copilot/?utm_source=telegram&utm_medium=social&utm_campaign=windsurf-vs-copilot-comparison&utm_content=social-seed-24-telegram,/go/windsurf-vs-copilot-telegram-social-seed-24-telegram/,ready
cursor-telegram-social-seed-25-telegram,telegram,organic_social,cursor-review-practical-review,practical_review,Telegram,https://review.mssmileenglish.com/review/cursor/?utm_source=telegram,https://review.mssmileenglish.com/review/cursor/?utm_source=telegram&utm_medium=social&utm_campaign=cursor-review-practical-review&utm_content=social-seed-25-telegram,/go/cursor-telegram-social-seed-25-telegram/,ready
cursor-vs-copilot-twitter-social-seed-26-xxtwitter,twitter,organic_social,cursor-vs-copilot-comparison,comparison,X/Twitter,https://review.mssmileenglish.com/comparisons/cursor-vs-copilot/?utm_source=twitter,https://review.mssmileenglish.com/comparisons/cursor-vs-copilot/?utm_source=twitter&utm_medium=social&utm_campaign=cursor-vs-copilot-comparison&utm_content=social-seed-26-xxtwitter,/go/cursor-vs-copilot-twitter-social-seed-26-xxtwitter/,ready
windsurf-vs-copilot-twitter-social-seed-27-xxtwitter,twitter,organic_social,windsurf-vs-copilot-comparison,comparison,X/Twitter,https://review.mssmileenglish.com/comparisons/windsurf-vs-copilot/?utm_source=twitter,https://review.mssmileenglish.com/comparisons/windsurf-vs-copilot/?utm_source=twitter&utm_medium=social&utm_campaign=windsurf-vs-copilot-comparison&utm_content=social-seed-27-xxtwitter,/go/windsurf-vs-copilot-twitter-social-seed-27-xxtwitter/,ready
best-ai-seo-tools-2026-twitter-social-seed-28-xxtwitter,twitter,organic_social,best-ai-seo-tools-builder-note,builder_note,X/Twitter,https://review.mssmileenglish.com/best-ai-seo-tools-2026/?utm_source=twitter,https://review.mssmileenglish.com/best-ai-seo-tools-2026/?utm_source=twitter&utm_medium=social&utm_campaign=best-ai-seo-tools-builder-note&utm_content=social-seed-28-xxtwitter,/go/best-ai-seo-tools-2026-twitter-social-seed-28-xxtwitter/,ready
best-ai-automation-tools-2026-twitter-social-seed-29-xxtwitter,twitter,organic_social,ai-automation-workflow-tip,workflow_tip,X/Twitter,https://review.mssmileenglish.com/best-ai-automation-tools-2026/?utm_source=twitter,https://review.mssmileenglish.com/best-ai-automation-tools-2026/?utm_source=twitter&utm_medium=social&utm_campaign=ai-automation-workflow-tip&utm_content=social-seed-29-xxtwitter,/go/best-ai-automation-tools-2026-twitter-social-seed-29-xxtwitter/,ready
best-ai-writing-tools-2026-twitter-social-seed-30-xxtwitter,twitter,organic_social,ai-writing-tools-builder-note,builder_note,X/Twitter,https://review.mssmileenglish.com/best-ai-writing-tools-2026/?utm_source=twitter,https://review.mssmileenglish.com/best-ai-writing-tools-2026/?utm_source=twitter&utm_medium=social&utm_campaign=ai-writing-tools-builder-note&utm_content=social-seed-30-xxtwitter,/go/best-ai-writing-tools-2026-twitter-social-seed-30-xxtwitter/,ready
windsurf-review-linkedin-social-seed-40-linkedin,linkedin,organic_social,windsurf-codex-workflow-workflow-tip,workflow_tip,LinkedIn,https://review.mssmileenglish.com/windsurf-review/?utm_source=linkedin,https://review.mssmileenglish.com/windsurf-review/?utm_source=linkedin&utm_medium=social&utm_campaign=windsurf-codex-workflow-workflow-tip&utm_content=social-seed-40-linkedin,/go/windsurf-review-linkedin-social-seed-40-linkedin/,ready
windsurf-review-twitter-social-seed-39-xxtwitter,twitter,organic_social,windsurf-codex-workflow-workflow-tip,workflow_tip,X/Twitter,https://review.mssmileenglish.com/windsurf-review/?utm_source=twitter,https://review.mssmileenglish.com/windsurf-review/?utm_source=twitter&utm_medium=social&utm_campaign=windsurf-codex-workflow-workflow-tip&utm_content=social-seed-39-xxtwitter,/go/windsurf-review-twitter-social-seed-39-xxtwitter/,ready
windsurf-review-telegram-social-seed-42-telegram,telegram,organic_social,windsurf-codex-workflow-workflow-tip,workflow_tip,Telegram,https://review.mssmileenglish.com/windsurf-review/?utm_source=telegram,https://review.mssmileenglish.com/windsurf-review/?utm_source=telegram&utm_medium=social&utm_campaign=windsurf-codex-workflow-workflow-tip&utm_content=social-seed-42-telegram,/go/windsurf-review-telegram-social-seed-42-telegram/,ready
windsurf-review-facebook-social-seed-41-facebook,facebook,organic_social,windsurf-codex-workflow-workflow-tip,workflow_tip,Facebook,https://review.mssmileenglish.com/windsurf-review/?utm_source=facebook,https://review.mssmileenglish.com/windsurf-review/?utm_source=facebook&utm_medium=social&utm_campaign=windsurf-codex-workflow-workflow-tip&utm_content=social-seed-41-facebook,/go/windsurf-review-facebook-social-seed-41-facebook/,ready
best-ai-coding-tools-2026-linkedin-social-seed-48-linkedin,linkedin,organic_social,why-i-stopped-using-only-one-ai-coding-tool-hot-take,hot_take,LinkedIn,https://review.mssmileenglish.com/best-ai-coding-tools-2026/?utm_source=linkedin,https://review.mssmileenglish.com/best-ai-coding-tools-2026/?utm_source=linkedin&utm_medium=social&utm_campaign=why-i-stopped-using-only-one-ai-coding-tool-hot-take&utm_content=social-seed-48-linkedin,/go/best-ai-coding-tools-2026-linkedin-social-seed-48-linkedin/,ready
best-ai-coding-tools-2026-twitter-social-seed-47-xxtwitter,twitter,organic_social,why-i-stopped-using-only-one-ai-coding-tool-hot-take,hot_take,X/Twitter,https://review.mssmileenglish.com/best-ai-coding-tools-2026/?utm_source=twitter,https://review.mssmileenglish.com/best-ai-coding-tools-2026/?utm_source=twitter&utm_medium=social&utm_campaign=why-i-stopped-using-only-one-ai-coding-tool-hot-take&utm_content=social-seed-47-xxtwitter,/go/best-ai-coding-tools-2026-twitter-social-seed-47-xxtwitter/,ready
best-ai-coding-tools-2026-telegram-social-seed-50-telegram,telegram,organic_social,why-i-stopped-using-only-one-ai-coding-tool-hot-take,hot_take,Telegram,https://review.mssmileenglish.com/best-ai-coding-tools-2026/?utm_source=telegram,https://review.mssmileenglish.com/best-ai-coding-tools-2026/?utm_source=telegram&utm_medium=social&utm_campaign=why-i-stopped-using-only-one-ai-coding-tool-hot-take&utm_content=social-seed-50-telegram,/go/best-ai-coding-tools-2026-telegram-social-seed-50-telegram/,ready
best-ai-coding-tools-2026-facebook-social-seed-49-facebook,facebook,organic_social,why-i-stopped-using-only-one-ai-coding-tool-hot-take,hot_take,Facebook,https://review.mssmileenglish.com/best-ai-coding-tools-2026/?utm_source=facebook,https://review.mssmileenglish.com/best-ai-coding-tools-2026/?utm_source=facebook&utm_medium=social&utm_campaign=why-i-stopped-using-only-one-ai-coding-tool-hot-take&utm_content=social-seed-49-facebook,/go/best-ai-coding-tools-2026-facebook-social-seed-49-facebook/,ready
best-ai-coding-tools-2026-linkedin-social-seed-52-linkedin,linkedin,organic_social,my-actual-ai-coding-workflow-in-2026-builder-note,builder_note,LinkedIn,https://review.mssmileenglish.com/best-ai-coding-tools-2026/?utm_source=linkedin,https://review.mssmileenglish.com/best-ai-coding-tools-2026/?utm_source=linkedin&utm_medium=social&utm_campaign=my-actual-ai-coding-workflow-in-2026-builder-note&utm_content=social-seed-52-linkedin,/go/best-ai-coding-tools-2026-linkedin-social-seed-52-linkedin/,ready
best-ai-coding-tools-2026-twitter-social-seed-51-xxtwitter,twitter,organic_social,my-actual-ai-coding-workflow-in-2026-builder-note,builder_note,X/Twitter,https://review.mssmileenglish.com/best-ai-coding-tools-2026/?utm_source=twitter,https://review.mssmileenglish.com/best-ai-coding-tools-2026/?utm_source=twitter&utm_medium=social&utm_campaign=my-actual-ai-coding-workflow-in-2026-builder-note&utm_content=social-seed-51-xxtwitter,/go/best-ai-coding-tools-2026-twitter-social-seed-51-xxtwitter/,ready
best-ai-coding-tools-2026-telegram-social-seed-54-telegram,telegram,organic_social,my-actual-ai-coding-workflow-in-2026-builder-note,builder_note,Telegram,https://review.mssmileenglish.com/best-ai-coding-tools-2026/?utm_source=telegram,https://review.mssmileenglish.com/best-ai-coding-tools-2026/?utm_source=telegram&utm_medium=social&utm_campaign=my-actual-ai-coding-workflow-in-2026-builder-note&utm_content=social-seed-54-telegram,/go/best-ai-coding-tools-2026-telegram-social-seed-54-telegram/,ready
best-ai-coding-tools-2026-facebook-social-seed-53-facebook,facebook,organic_social,my-actual-ai-coding-workflow-in-2026-builder-note,builder_note,Facebook,https://review.mssmileenglish.com/best-ai-coding-tools-2026/?utm_source=facebook,https://review.mssmileenglish.com/best-ai-coding-tools-2026/?utm_source=facebook&utm_medium=social&utm_campaign=my-actual-ai-coding-workflow-in-2026-builder-note&utm_content=social-seed-53-facebook,/go/best-ai-coding-tools-2026-facebook-social-seed-53-facebook/,ready
