page_url,title_length,meta_description_length,h1_count,internal_links_count,related_posts_count,canonical_ok,hreflang_ok,schema_types,warnings
https://review.mssmileenglish.com/about/,53,108,1,13,0,true,true,Article|BreadcrumbList|ListItem|Organization,
https://review.mssmileenglish.com/about-author/,37,36,1,47,12,true,true,Article|BreadcrumbList|ContactPoint|ListItem|Organization|Person|WebSite,meta_description_length_check
https://review.mssmileenglish.com/activecampaign/,58,138,1,39,4,true,true,Answer|Article|Brand|BreadcrumbList|ContactPoint|FAQPage|ListItem|Organization|Person|Product|Question|Rating|Review|SearchAction|SoftwareApplication|WebSite,
https://review.mssmileenglish.com/adcreative-ai/,57,137,1,40,3,true,true,Answer|Article|Brand|BreadcrumbList|ContactPoint|FAQPage|ListItem|Organization|Person|Product|Question|Rating|Review|SearchAction|SoftwareApplication|WebSite,
https://review.mssmileenglish.com/aeo-action-plan/,40,94,1,47,12,true,true,Article|BreadcrumbList|ContactPoint|ListItem|Organization|Person|WebSite,
https://review.mssmileenglish.com/affiliate-disclosure/,45,48,1,46,12,true,true,Article|BreadcrumbList|ContactPoint|ListItem|Organization|Person|WebSite,meta_description_length_check
https://review.mssmileenglish.com/ai-coding-alternatives/,61,164,1,49,16,true,true,Answer|BreadcrumbList|FAQPage|ItemList|ListItem|Question,
https://review.mssmileenglish.com/ai-coding-software-review/,82,167,1,52,16,true,true,Answer|BreadcrumbList|FAQPage|ItemList|ListItem|Question,title_length_check
https://review.mssmileenglish.com/ai-design-alternatives/,61,164,1,51,16,true,true,Answer|BreadcrumbList|FAQPage|ItemList|ListItem|Question,
https://review.mssmileenglish.com/ai-meeting-alternatives/,62,165,1,51,16,true,true,Answer|BreadcrumbList|FAQPage|ItemList|ListItem|Question,
https://review.mssmileenglish.com/ai-meeting-software-review/,83,168,1,53,16,true,true,Answer|BreadcrumbList|FAQPage|ItemList|ListItem|Question,title_length_check
https://review.mssmileenglish.com/ai-productivity-alternatives/,67,170,1,52,16,true,true,Answer|BreadcrumbList|FAQPage|ItemList|ListItem|Question,
https://review.mssmileenglish.com/ai-productivity-software-review/,88,173,1,54,16,true,true,Answer|BreadcrumbList|FAQPage|ItemList|ListItem|Question,title_length_check|meta_description_length_check
https://review.mssmileenglish.com/ai-seo-alternatives/,58,161,1,54,16,true,true,Answer|BreadcrumbList|FAQPage|ItemList|ListItem|Question,
https://review.mssmileenglish.com/ai-seo-software-review/,79,164,1,55,16,true,true,Answer|BreadcrumbList|FAQPage|ItemList|ListItem|Question,title_length_check
https://review.mssmileenglish.com/ai-video-alternatives/,60,163,1,54,16,true,true,Answer|BreadcrumbList|FAQPage|ItemList|ListItem|Question,
https://review.mssmileenglish.com/ai-voice-alternatives/,60,163,1,51,16,true,true,Answer|BreadcrumbList|FAQPage|ItemList|ListItem|Question,
https://review.mssmileenglish.com/ai-voice-software-review/,81,166,1,53,16,true,true,Answer|BreadcrumbList|FAQPage|ItemList|ListItem|Question,title_length_check
https://review.mssmileenglish.com/ai-writing-alternatives/,62,165,1,52,16,true,true,Answer|BreadcrumbList|FAQPage|ItemList|ListItem|Question,
https://review.mssmileenglish.com/author-profile/,39,38,1,47,12,true,true,Article|BreadcrumbList|ContactPoint|ListItem|Organization|Person|WebSite,meta_description_length_check
https://review.mssmileenglish.com/automation-alternatives/,62,165,1,50,16,true,true,Answer|BreadcrumbList|FAQPage|ItemList|ListItem|Question,
https://review.mssmileenglish.com/automation-software-review/,83,168,1,51,16,true,true,Answer|BreadcrumbList|FAQPage|ItemList|ListItem|Question,title_length_check
https://review.mssmileenglish.com/best-ai-automation-tools/,49,151,1,54,20,true,true,Answer|BreadcrumbList|FAQPage|ItemList|ListItem|Question,
https://review.mssmileenglish.com/best-ai-automation-tools-2026/,54,161,1,58,20,true,true,Answer|BreadcrumbList|FAQPage|ListItem|Question,
https://review.mssmileenglish.com/best-ai-coding-tools/,45,147,1,51,20,true,true,Answer|BreadcrumbList|FAQPage|ItemList|ListItem|Question,
https://review.mssmileenglish.com/best-ai-coding-tools-2026/,106,178,1,53,20,true,true,Answer|Article|BreadcrumbList|FAQPage|ListItem|Organization|Person|Question,title_length_check|meta_description_length_check
https://review.mssmileenglish.com/best-ai-presentation-tools/,51,153,1,53,20,true,true,Answer|BreadcrumbList|FAQPage|ItemList|ListItem|Question,
https://review.mssmileenglish.com/best-ai-seo-tools/,42,144,1,55,20,true,true,Answer|BreadcrumbList|FAQPage|ItemList|ListItem|Question,
https://review.mssmileenglish.com/best-ai-seo-tools-2026/,47,154,1,58,20,true,true,Answer|BreadcrumbList|FAQPage|ListItem|Question,
https://review.mssmileenglish.com/best-ai-video-tools/,44,146,1,55,20,true,true,Answer|BreadcrumbList|FAQPage|ItemList|ListItem|Question,
https://review.mssmileenglish.com/best-ai-video-tools-2026/,49,156,1,57,20,true,true,Answer|BreadcrumbList|FAQPage|ListItem|Question,
https://review.mssmileenglish.com/best-ai-writing-tools/,46,148,1,57,20,true,true,Answer|BreadcrumbList|FAQPage|ItemList|ListItem|Question,
https://review.mssmileenglish.com/best-ai-writing-tools-2026/,51,158,1,59,20,true,true,Answer|BreadcrumbList|FAQPage|ListItem|Question,
https://review.mssmileenglish.com/best-crm-tools/,39,141,1,54,20,true,true,Answer|BreadcrumbList|FAQPage|ItemList|ListItem|Question,
https://review.mssmileenglish.com/best-website-builders/,46,148,1,56,20,true,true,Answer|BreadcrumbList|FAQPage|ItemList|ListItem|Question,
https://review.mssmileenglish.com/blog/ai-productivity-tools/,46,114,1,51,12,true,true,Answer|Article|BreadcrumbList|ContactPoint|FAQPage|ListItem|Organization|Person|Question|WebSite,
https://review.mssmileenglish.com/blog/ai-tools-for-content-creators/,54,114,1,50,12,true,true,Answer|Article|BreadcrumbList|ContactPoint|FAQPage|ListItem|Organization|Person|Question|WebSite,
https://review.mssmileenglish.com/blog/ai-tools-for-marketers/,47,140,1,50,12,true,true,Answer|Article|BreadcrumbList|ContactPoint|FAQPage|ListItem|Organization|Person|Question|WebSite,
https://review.mssmileenglish.com/blog/ai-tools-under-20-month/,49,101,1,50,12,true,true,Answer|Article|BreadcrumbList|ContactPoint|FAQPage|ListItem|Organization|Person|Question|WebSite,
https://review.mssmileenglish.com/blog/ai-website-builders-comparison/,55,136,1,51,12,true,true,Answer|Article|BreadcrumbList|ContactPoint|FAQPage|ListItem|Organization|Person|Question|WebSite,
https://review.mssmileenglish.com/blog/automation-tools-for-beginners/,55,124,1,51,12,true,true,Answer|Article|BreadcrumbList|ContactPoint|FAQPage|ListItem|Organization|Person|Question|WebSite,
https://review.mssmileenglish.com/blog/best-ai-presentation-tools/,51,125,1,50,12,true,true,Answer|Article|BreadcrumbList|ContactPoint|FAQPage|ListItem|Organization|Person|Question|WebSite,
https://review.mssmileenglish.com/blog/best-ai-tools-for-small-business/,57,154,1,50,12,true,true,Answer|Article|BreadcrumbList|ContactPoint|FAQPage|ListItem|Organization|Person|Question|WebSite,
https://review.mssmileenglish.com/blog/best-ai-voice-generators/,49,124,1,52,12,true,true,Answer|Article|BreadcrumbList|ContactPoint|FAQPage|ListItem|Organization|Person|Question|WebSite,
https://review.mssmileenglish.com/blog/best-alternatives-to-canva-ai/,54,137,1,51,12,true,true,Answer|Article|BreadcrumbList|ContactPoint|FAQPage|ListItem|Organization|Person|Question|WebSite,
https://review.mssmileenglish.com/blog/best-crm-for-startups/,46,113,1,51,12,true,true,Answer|Article|BreadcrumbList|ContactPoint|FAQPage|ListItem|Organization|Person|Question|WebSite,
https://review.mssmileenglish.com/blog/how-to-choose-saas-tools-safely/,56,131,1,50,12,true,true,Answer|Article|BreadcrumbList|ContactPoint|FAQPage|ListItem|Organization|Person|Question|WebSite,
https://review.mssmileenglish.com/blog/,29,58,1,58,12,true,true,Article|BreadcrumbList|ContactPoint|ListItem|Organization|Person|WebSite,title_length_check|meta_description_length_check
https://review.mssmileenglish.com/canva/,49,129,1,44,10,true,true,Answer|Article|Brand|BreadcrumbList|ContactPoint|FAQPage|ListItem|Organization|Person|Product|Question|Rating|Review|SearchAction|SoftwareApplication|WebSite,
https://review.mssmileenglish.com/categories/,35,107,1,54,16,true,true,Answer|Article|BreadcrumbList|ContactPoint|FAQPage|ListItem|Organization|Person|Question|WebSite,
https://review.mssmileenglish.com/category/ai-automation-tools/,44,61,1,57,24,true,true,Article|BreadcrumbList|ContactPoint|ListItem|Organization|Person|WebSite,meta_description_length_check
https://review.mssmileenglish.com/category/ai-coding-tools/,72,160,1,54,24,true,true,Answer|BreadcrumbList|FAQPage|ItemList|ListItem|Question,title_length_check
https://review.mssmileenglish.com/category/ai-customer-support-tools/,50,67,1,57,24,true,true,Article|BreadcrumbList|ContactPoint|ListItem|Organization|Person|WebSite,meta_description_length_check
https://review.mssmileenglish.com/category/ai-presentation-tools/,46,63,1,57,24,true,true,Article|BreadcrumbList|ContactPoint|ListItem|Organization|Person|WebSite,meta_description_length_check
https://review.mssmileenglish.com/category/ai-seo-tools/,37,54,1,59,24,true,true,Article|BreadcrumbList|ContactPoint|ListItem|Organization|Person|WebSite,meta_description_length_check
https://review.mssmileenglish.com/category/ai-video-tools/,39,56,1,59,24,true,true,Article|BreadcrumbList|ContactPoint|ListItem|Organization|Person|WebSite,meta_description_length_check
https://review.mssmileenglish.com/category/ai-voice-tools/,39,56,1,57,24,true,true,Article|BreadcrumbList|ContactPoint|ListItem|Organization|Person|WebSite,meta_description_length_check
https://review.mssmileenglish.com/category/ai-writing/,35,52,1,73,24,true,true,Article|BreadcrumbList|ContactPoint|ListItem|Organization|Person|WebSite,meta_description_length_check
https://review.mssmileenglish.com/category/ai-writing-tools/,41,58,1,61,24,true,true,Article|BreadcrumbList|ContactPoint|ListItem|Organization|Person|WebSite,meta_description_length_check
https://review.mssmileenglish.com/category/automation/,35,52,1,60,24,true,true,Article|BreadcrumbList|ContactPoint|ListItem|Organization|Person|WebSite,meta_description_length_check
https://review.mssmileenglish.com/category/automation-tools/,73,161,1,56,24,true,true,Answer|BreadcrumbList|FAQPage|ItemList|ListItem|Question,title_length_check
https://review.mssmileenglish.com/category/crm/,28,45,1,59,24,true,true,Article|BreadcrumbList|ContactPoint|ListItem|Organization|Person|WebSite,title_length_check|meta_description_length_check
https://review.mssmileenglish.com/category/crm-tools/,34,51,1,59,24,true,true,Article|BreadcrumbList|ContactPoint|ListItem|Organization|Person|WebSite,title_length_check|meta_description_length_check
https://review.mssmileenglish.com/category/design-tools/,69,157,1,56,24,true,true,Answer|BreadcrumbList|FAQPage|ItemList|ListItem|Question,
https://review.mssmileenglish.com/category/email-marketing-tools/,78,166,1,57,24,true,true,Answer|BreadcrumbList|FAQPage|ItemList|ListItem|Question,title_length_check
https://review.mssmileenglish.com/category/seo-tools/,66,154,1,57,24,true,true,Answer|BreadcrumbList|FAQPage|ItemList|ListItem|Question,
https://review.mssmileenglish.com/category/video-tools/,68,156,1,58,24,true,true,Answer|BreadcrumbList|FAQPage|ItemList|ListItem|Question,
https://review.mssmileenglish.com/category/website-builder-tools/,78,166,1,56,24,true,true,Answer|BreadcrumbList|FAQPage|ItemList|ListItem|Question,title_length_check
https://review.mssmileenglish.com/category/website-builders/,41,58,1,61,24,true,true,Article|BreadcrumbList|ContactPoint|ListItem|Organization|Person|WebSite,meta_description_length_check
https://review.mssmileenglish.com/category/writing-tools/,70,158,1,57,24,true,true,Answer|BreadcrumbList|FAQPage|ItemList|ListItem|Question,
https://review.mssmileenglish.com/compare/activecampaign-vs-mailchimp/,104,198,1,52,16,true,true,Answer|BreadcrumbList|FAQPage|ItemList|ListItem|Question,title_length_check|meta_description_length_check
https://review.mssmileenglish.com/compare/canva-vs-adcreative-ai/,105,199,1,50,16,true,true,Answer|BreadcrumbList|FAQPage|ItemList|ListItem|Question,title_length_check|meta_description_length_check
https://review.mssmileenglish.com/compare/cursor-vs-github-copilot/,96,190,1,48,16,true,true,Answer|BreadcrumbList|FAQPage|ItemList|ListItem|Question,title_length_check|meta_description_length_check
https://review.mssmileenglish.com/compare/cursor-vs-windsurf/,87,181,1,48,16,true,true,Answer|BreadcrumbList|FAQPage|ItemList|ListItem|Question,title_length_check|meta_description_length_check
https://review.mssmileenglish.com/compare/github-copilot-vs-codeium/,97,191,1,47,16,true,true,Answer|BreadcrumbList|FAQPage|ItemList|ListItem|Question,title_length_check|meta_description_length_check
https://review.mssmileenglish.com/compare/grammarly-vs-quillbot/,94,188,1,49,16,true,true,Answer|BreadcrumbList|FAQPage|ItemList|ListItem|Question,title_length_check|meta_description_length_check
https://review.mssmileenglish.com/compare/jasper-vs-copy-ai/,85,179,1,52,16,true,true,Answer|BreadcrumbList|FAQPage|ItemList|ListItem|Question,title_length_check|meta_description_length_check
https://review.mssmileenglish.com/compare/make-vs-zapier/,86,180,1,51,16,true,true,Answer|BreadcrumbList|FAQPage|ItemList|ListItem|Question,title_length_check|meta_description_length_check
https://review.mssmileenglish.com/compare/semrush-vs-ahrefs/,82,176,1,51,16,true,true,Answer|BreadcrumbList|FAQPage|ItemList|ListItem|Question,title_length_check|meta_description_length_check
https://review.mssmileenglish.com/compare/synthesia-vs-pictory/,86,180,1,51,16,true,true,Answer|BreadcrumbList|FAQPage|ItemList|ListItem|Question,title_length_check|meta_description_length_check
https://review.mssmileenglish.com/comparisons/canva-vs-adobe-express/,86,174,1,50,16,true,true,Answer|BreadcrumbList|FAQPage|ListItem|Question,title_length_check|meta_description_length_check
https://review.mssmileenglish.com/comparisons/canva-vs-gamma/,98,130,1,51,16,true,true,Answer|BreadcrumbList|FAQPage|ItemList|ListItem|Question,title_length_check
https://review.mssmileenglish.com/comparisons/chatgpt-vs-claude/,82,133,1,49,16,true,true,Answer|BreadcrumbList|FAQPage|ItemList|ListItem|Question,title_length_check
https://review.mssmileenglish.com/comparisons/chatgpt-vs-gemini/,42,115,1,52,16,true,true,Answer|Article|BreadcrumbList|ContactPoint|FAQPage|ListItem|Organization|Person|Question|Review|SoftwareApplication|WebSite,review_schema_without_rating_data
https://review.mssmileenglish.com/comparisons/copilot-vs-codex/,99,171,1,50,16,true,true,Answer|Article|BreadcrumbList|ContactPoint|FAQPage|ListItem|Organization|Person|Question|WebSite,title_length_check|meta_description_length_check
https://review.mssmileenglish.com/comparisons/copilot-vs-cursor/,91,169,1,49,16,true,true,Answer|Article|BreadcrumbList|FAQPage|ListItem|Organization|Person|Question,title_length_check
https://review.mssmileenglish.com/comparisons/copilot-vs-tabnine/,50,123,1,47,16,true,true,Answer|Article|BreadcrumbList|ContactPoint|FAQPage|ListItem|Organization|Person|Question|Review|SoftwareApplication|WebSite,review_schema_without_rating_data
https://review.mssmileenglish.com/comparisons/cursor-vs-copilot/,88,166,1,49,16,true,true,Answer|BreadcrumbList|FAQPage|ListItem|Question,title_length_check
https://review.mssmileenglish.com/comparisons/cursor-vs-github-copilot/,91,140,1,49,16,true,true,Answer|BreadcrumbList|FAQPage|ItemList|ListItem|Question,title_length_check
https://review.mssmileenglish.com/comparisons/cursor-vs-vscode/,42,115,1,50,16,true,true,Answer|Article|BreadcrumbList|ContactPoint|FAQPage|ListItem|Organization|Person|Question|Review|SoftwareApplication|WebSite,review_schema_without_rating_data
https://review.mssmileenglish.com/comparisons/cursor-vs-windsurf/,95,171,1,48,16,true,true,Answer|Article|BreadcrumbList|FAQPage|ListItem|Organization|Person|Question,title_length_check|meta_description_length_check
https://review.mssmileenglish.com/comparisons/elevenlabs-vs-murf/,84,134,1,51,16,true,true,Answer|BreadcrumbList|FAQPage|ItemList|ListItem|Question,title_length_check
https://review.mssmileenglish.com/comparisons/elevenlabs-vs-playht/,45,118,1,50,16,true,true,Answer|Article|BreadcrumbList|ContactPoint|FAQPage|ListItem|Organization|Person|Question|Review|SoftwareApplication|WebSite,review_schema_without_rating_data
https://review.mssmileenglish.com/comparisons/framer-vs-webflow/,42,115,1,53,16,true,true,Answer|Article|BreadcrumbList|ContactPoint|FAQPage|ListItem|Organization|Person|Question|Review|SoftwareApplication|WebSite,review_schema_without_rating_data
https://review.mssmileenglish.com/comparisons/gemini-vs-claude/,41,114,1,51,16,true,true,Answer|Article|BreadcrumbList|ContactPoint|FAQPage|ListItem|Organization|Person|Question|Review|SoftwareApplication|WebSite,review_schema_without_rating_data
https://review.mssmileenglish.com/comparisons/hubspot-vs-salesforce/,46,119,1,51,16,true,true,Answer|Article|BreadcrumbList|ContactPoint|FAQPage|ListItem|Organization|Person|Question|Review|SoftwareApplication|WebSite,review_schema_without_rating_data
https://review.mssmileenglish.com/comparisons/,36,71,1,79,12,true,true,Article|BreadcrumbList|ContactPoint|ListItem|Organization|Person|WebSite,meta_description_length_check
https://review.mssmileenglish.com/comparisons/jasper-vs-copyai/,42,115,1,54,16,true,true,Answer|Article|BreadcrumbList|ContactPoint|FAQPage|ListItem|Organization|Person|Question|Review|SoftwareApplication|WebSite,review_schema_without_rating_data
https://review.mssmileenglish.com/comparisons/make-vs-zapier/,86,130,1,53,16,true,true,Answer|BreadcrumbList|FAQPage|ItemList|ListItem|Question,title_length_check
https://review.mssmileenglish.com/comparisons/midjourney-vs-dalle/,45,118,1,50,16,true,true,Answer|Article|BreadcrumbList|ContactPoint|FAQPage|ListItem|Organization|Person|Question|Review|SoftwareApplication|WebSite,review_schema_without_rating_data
https://review.mssmileenglish.com/comparisons/notion-ai-vs-chatgpt/,45,118,1,53,16,true,true,Answer|Article|BreadcrumbList|ContactPoint|FAQPage|ListItem|Organization|Person|Question|Review|SoftwareApplication|WebSite,review_schema_without_rating_data
https://review.mssmileenglish.com/comparisons/notion-ai-vs-clickup-ai/,96,139,1,52,16,true,true,Answer|BreadcrumbList|FAQPage|ItemList|ListItem|Question,title_length_check
https://review.mssmileenglish.com/comparisons/notion-vs-clickup/,42,115,1,53,16,true,true,Answer|Article|BreadcrumbList|ContactPoint|FAQPage|ListItem|Organization|Person|Question|Review|SoftwareApplication|WebSite,review_schema_without_rating_data
https://review.mssmileenglish.com/comparisons/perplexity-vs-chatgpt/,46,119,1,52,16,true,true,Answer|Article|BreadcrumbList|ContactPoint|FAQPage|ListItem|Organization|Person|Question|Review|SoftwareApplication|WebSite,review_schema_without_rating_data
https://review.mssmileenglish.com/comparisons/runway-vs-pika/,80,130,1,52,16,true,true,Answer|BreadcrumbList|FAQPage|ItemList|ListItem|Question,title_length_check
https://review.mssmileenglish.com/comparisons/semrush-vs-ahrefs/,82,133,1,52,16,true,true,Answer|BreadcrumbList|FAQPage|ItemList|ListItem|Question,title_length_check
https://review.mssmileenglish.com/comparisons/synthesia-vs-heygen/,44,117,1,51,16,true,true,Answer|Article|BreadcrumbList|ContactPoint|FAQPage|ListItem|Organization|Person|Question|Review|SoftwareApplication|WebSite,review_schema_without_rating_data
https://review.mssmileenglish.com/comparisons/windsurf-vs-copilot/,90,184,1,50,16,true,true,Answer|BreadcrumbList|FAQPage|ListItem|Question,title_length_check|meta_description_length_check
https://review.mssmileenglish.com/contact/,32,35,1,46,12,true,true,Article|BreadcrumbList|ContactPoint|ListItem|Organization|Person|WebSite,title_length_check|meta_description_length_check
https://review.mssmileenglish.com/copy-ai/,51,131,1,49,13,true,true,Answer|Article|Brand|BreadcrumbList|ContactPoint|FAQPage|ListItem|Organization|Person|Product|Question|Rating|Review|SearchAction|SoftwareApplication|WebSite,
https://review.mssmileenglish.com/crm-alternatives/,55,158,1,52,16,true,true,Answer|BreadcrumbList|FAQPage|ItemList|ListItem|Question,
https://review.mssmileenglish.com/cursor/,50,130,1,48,15,true,true,Answer|Article|Brand|BreadcrumbList|ContactPoint|FAQPage|ListItem|Organization|Person|Product|Question|Rating|Review|SearchAction|SoftwareApplication|WebSite,
https://review.mssmileenglish.com/cursor-ai-review-a-practical-guide-for-developers-and-ai-coders/,85,41,1,49,15,true,true,Answer|Article|BreadcrumbList|ContactPoint|FAQPage|ListItem|Organization|Person|Question|WebSite,title_length_check|meta_description_length_check
https://review.mssmileenglish.com/cursor-pricing/,78,161,1,45,11,true,true,Answer|BreadcrumbList|FAQPage|ItemList|ListItem|Question,title_length_check
https://review.mssmileenglish.com/descript/,52,132,1,48,10,true,true,Answer|Article|Brand|BreadcrumbList|ContactPoint|FAQPage|ListItem|Organization|Person|Product|Question|Rating|Review|SearchAction|SoftwareApplication|WebSite,
https://review.mssmileenglish.com/disclosure/,35,38,1,46,16,true,true,Answer|Article|BreadcrumbList|ContactPoint|FAQPage|ListItem|Organization|Person|Question|WebSite,meta_description_length_check
https://review.mssmileenglish.com/downloads/ai-coding-workflow-checklist/,53,104,1,14,0,true,true,Answer|Article|BreadcrumbList|FAQPage|ListItem|Organization|Question,
https://review.mssmileenglish.com/durable/,51,131,1,45,7,true,true,Answer|Article|Brand|BreadcrumbList|ContactPoint|FAQPage|ListItem|Organization|Person|Product|Question|Rating|Review|SearchAction|SoftwareApplication|WebSite,
https://review.mssmileenglish.com/editorial-policy/,41,40,1,46,12,true,true,Article|BreadcrumbList|ContactPoint|ListItem|Organization|Person|WebSite,meta_description_length_check
https://review.mssmileenglish.com/elevenlabs/,54,134,1,42,7,true,true,Answer|Article|Brand|BreadcrumbList|ContactPoint|FAQPage|ListItem|Organization|Person|Product|Question|Rating|Review|SearchAction|SoftwareApplication|WebSite,
https://review.mssmileenglish.com/elevenlabs-pricing/,82,165,1,47,11,true,true,Answer|BreadcrumbList|FAQPage|ItemList|ListItem|Question,title_length_check
https://review.mssmileenglish.com/email-capture-setup/,44,107,1,14,0,true,true,Answer|Article|BreadcrumbList|FAQPage|ListItem|Organization|Question,
https://review.mssmileenglish.com/email-marketing-alternatives/,67,170,1,49,16,true,true,Answer|BreadcrumbList|FAQPage|ItemList|ListItem|Question,
https://review.mssmileenglish.com/email-marketing-software-review/,88,173,1,49,16,true,true,Answer|BreadcrumbList|FAQPage|ItemList|ListItem|Question,title_length_check|meta_description_length_check
https://review.mssmileenglish.com/formspree-setup/,58,93,1,14,0,true,true,Answer|Article|BreadcrumbList|FAQPage|ListItem|Organization|Question,
https://review.mssmileenglish.com/framer/,50,130,1,45,7,true,true,Answer|Article|Brand|BreadcrumbList|ContactPoint|FAQPage|ListItem|Organization|Person|Product|Question|Rating|Review|SearchAction|SoftwareApplication|WebSite,
https://review.mssmileenglish.com/free-ai-coding-workflow-checklist/,58,123,1,15,0,true,true,Answer|Article|BreadcrumbList|FAQPage|ListItem|Organization|Question,
https://review.mssmileenglish.com/gamma/,49,129,1,45,10,true,true,Answer|Article|Brand|BreadcrumbList|ContactPoint|FAQPage|ListItem|Organization|Person|Product|Question|Rating|Review|SearchAction|SoftwareApplication|WebSite,
https://review.mssmileenglish.com/github-copilot/,58,138,1,46,15,true,true,Answer|Article|Brand|BreadcrumbList|ContactPoint|FAQPage|ListItem|Organization|Person|Product|Question|Rating|Review|SearchAction|SoftwareApplication|WebSite,
https://review.mssmileenglish.com/github-copilot-pricing/,86,169,1,43,11,true,true,Answer|BreadcrumbList|FAQPage|ItemList|ListItem|Question,title_length_check
https://review.mssmileenglish.com/how-we-review-tools/,44,43,1,47,12,true,true,Article|BreadcrumbList|ContactPoint|ListItem|Organization|Person|WebSite,meta_description_length_check
https://review.mssmileenglish.com/hub/ai-automation/,48,107,1,52,17,true,true,BreadcrumbList|ItemList|ListItem,
https://review.mssmileenglish.com/hub/ai-coding/,44,112,1,51,17,true,true,BreadcrumbList|ItemList|ListItem,
https://review.mssmileenglish.com/hub/ai-presentation/,50,114,1,53,17,true,true,BreadcrumbList|ItemList|ListItem,
https://review.mssmileenglish.com/hub/ai-seo/,41,120,1,53,17,true,true,BreadcrumbList|ItemList|ListItem,
https://review.mssmileenglish.com/hub/ai-video/,43,106,1,55,17,true,true,BreadcrumbList|ItemList|ListItem,
https://review.mssmileenglish.com/hub/ai-voice/,43,105,1,52,17,true,true,BreadcrumbList|ItemList|ListItem,
https://review.mssmileenglish.com/hub/ai-writing/,45,110,1,62,17,true,true,BreadcrumbList|ItemList|ListItem,
https://review.mssmileenglish.com/hub/crm/,38,102,1,55,17,true,true,BreadcrumbList|ItemList|ListItem,
https://review.mssmileenglish.com/hub/email-marketing/,50,111,1,59,17,true,true,BreadcrumbList|ItemList|ListItem,
https://review.mssmileenglish.com/hub/marketing/,47,108,1,64,17,true,true,BreadcrumbList|ItemList|ListItem,
https://review.mssmileenglish.com/hub/productivity/,50,102,1,59,17,true,true,BreadcrumbList|ItemList|ListItem,
https://review.mssmileenglish.com/hub/website-builders/,45,106,1,57,17,true,true,BreadcrumbList|ItemList|ListItem,
https://review.mssmileenglish.com/hubs/,29,109,1,56,17,true,true,Answer|Article|BreadcrumbList|ContactPoint|FAQPage|ListItem|Organization|Person|Question|WebSite,title_length_check
https://review.mssmileenglish.com/hubspot/,51,131,1,44,7,true,true,Answer|Article|Brand|BreadcrumbList|ContactPoint|FAQPage|ListItem|Organization|Person|Product|Question|Rating|Review|SearchAction|SoftwareApplication|WebSite,
https://review.mssmileenglish.com/,46,141,1,102,12,true,true,Answer|Article|ContactPoint|FAQPage|Organization|Person|Question|WebSite,
https://review.mssmileenglish.com/jasper/,50,130,1,49,13,true,true,Answer|Article|Brand|BreadcrumbList|ContactPoint|FAQPage|ListItem|Organization|Person|Product|Question|Rating|Review|SearchAction|SoftwareApplication|WebSite,
https://review.mssmileenglish.com/jasper-ai/,53,133,1,49,13,true,true,Answer|Article|Brand|BreadcrumbList|ContactPoint|FAQPage|ListItem|Organization|Person|Product|Question|Rating|Review|SearchAction|SoftwareApplication|WebSite,
https://review.mssmileenglish.com/jasper-pricing/,78,161,1,49,11,true,true,Answer|BreadcrumbList|FAQPage|ItemList|ListItem|Question,title_length_check
https://review.mssmileenglish.com/make/,48,128,1,44,12,true,true,Answer|Article|Brand|BreadcrumbList|ContactPoint|FAQPage|ListItem|Organization|Person|Product|Question|Rating|Review|SearchAction|SoftwareApplication|WebSite,
https://review.mssmileenglish.com/make-pricing/,76,159,1,46,11,true,true,Answer|BreadcrumbList|FAQPage|ItemList|ListItem|Question,title_length_check
https://review.mssmileenglish.com/marketing-alternatives/,61,164,1,48,16,true,true,Answer|BreadcrumbList|FAQPage|ItemList|ListItem|Question,
https://review.mssmileenglish.com/marketing-software-review/,82,167,1,49,16,true,true,Answer|BreadcrumbList|FAQPage|ItemList|ListItem|Question,title_length_check
https://review.mssmileenglish.com/media-kit/,34,57,1,47,12,true,true,Article|BreadcrumbList|ContactPoint|ListItem|Organization|Person|WebSite,title_length_check|meta_description_length_check
https://review.mssmileenglish.com/notion/,50,130,1,49,13,true,true,Answer|Article|Brand|BreadcrumbList|ContactPoint|FAQPage|ListItem|Organization|Person|Product|Question|Rating|Review|SearchAction|SoftwareApplication|WebSite,
https://review.mssmileenglish.com/notion-ai/,53,133,1,49,13,true,true,Answer|Article|Brand|BreadcrumbList|ContactPoint|FAQPage|ListItem|Organization|Person|Product|Question|Rating|Review|SearchAction|SoftwareApplication|WebSite,
https://review.mssmileenglish.com/pipedrive/,53,133,1,45,7,true,true,Answer|Article|Brand|BreadcrumbList|ContactPoint|FAQPage|ListItem|Organization|Person|Product|Question|Rating|Review|SearchAction|SoftwareApplication|WebSite,
https://review.mssmileenglish.com/pipedrive-crm/,57,137,1,44,7,true,true,Answer|Article|Brand|BreadcrumbList|ContactPoint|FAQPage|ListItem|Organization|Person|Product|Question|Rating|Review|SearchAction|SoftwareApplication|WebSite,
https://review.mssmileenglish.com/pricing/activecampaign/,91,169,1,47,11,true,true,Answer|BreadcrumbList|FAQPage|ListItem|Question,title_length_check
https://review.mssmileenglish.com/pricing/canva/,82,154,1,48,11,true,true,Answer|BreadcrumbList|FAQPage|ListItem|Question,title_length_check
https://review.mssmileenglish.com/pricing/cursor/,83,155,1,47,11,true,true,Answer|BreadcrumbList|FAQPage|ListItem|Question,title_length_check
https://review.mssmileenglish.com/pricing/github-copilot/,91,163,1,47,11,true,true,Answer|BreadcrumbList|FAQPage|ListItem|Question,title_length_check
https://review.mssmileenglish.com/pricing/grammarly/,86,159,1,48,11,true,true,Answer|BreadcrumbList|FAQPage|ListItem|Question,title_length_check
https://review.mssmileenglish.com/pricing/,39,123,1,52,11,true,true,Answer|Article|BreadcrumbList|ContactPoint|FAQPage|ListItem|Organization|Person|Question|WebSite,
https://review.mssmileenglish.com/pricing/mailchimp/,86,164,1,49,11,true,true,Answer|BreadcrumbList|FAQPage|ListItem|Question,title_length_check
https://review.mssmileenglish.com/pricing/make/,81,154,1,48,11,true,true,Answer|BreadcrumbList|FAQPage|ListItem|Question,title_length_check
https://review.mssmileenglish.com/pricing/pictory/,84,155,1,50,11,true,true,Answer|BreadcrumbList|FAQPage|ListItem|Question,title_length_check
https://review.mssmileenglish.com/pricing/semrush/,84,153,1,47,11,true,true,Answer|BreadcrumbList|FAQPage|ListItem|Question,title_length_check
https://review.mssmileenglish.com/pricing/zapier/,83,156,1,48,11,true,true,Answer|BreadcrumbList|FAQPage|ListItem|Question,title_length_check
https://review.mssmileenglish.com/privacy/,39,42,1,46,16,true,true,Answer|Article|BreadcrumbList|ContactPoint|FAQPage|ListItem|Organization|Person|Question|WebSite,meta_description_length_check
https://review.mssmileenglish.com/privacy-policy/,39,42,1,46,12,true,true,Article|BreadcrumbList|ContactPoint|ListItem|Organization|Person|WebSite,meta_description_length_check
https://review.mssmileenglish.com/productivity-alternatives/,64,167,1,51,16,true,true,Answer|BreadcrumbList|FAQPage|ItemList|ListItem|Question,
https://review.mssmileenglish.com/reclaim-ai/,54,134,1,40,2,true,true,Answer|Article|Brand|BreadcrumbList|ContactPoint|FAQPage|ListItem|Organization|Person|Product|Question|Rating|Review|SearchAction|SoftwareApplication|WebSite,
https://review.mssmileenglish.com/review/activecampaign/,121,255,1,48,16,true,true,Answer|BreadcrumbList|FAQPage|ListItem|Person|Product|Question|Rating|Review,title_length_check|meta_description_length_check
https://review.mssmileenglish.com/review/adcreative-ai/,114,248,1,48,16,true,true,Answer|BreadcrumbList|FAQPage|ListItem|Person|Product|Question|Rating|Review,title_length_check|meta_description_length_check
https://review.mssmileenglish.com/review/canva/,106,256,1,49,16,true,true,Answer|BreadcrumbList|FAQPage|ListItem|Person|Product|Question|Rating|Review,title_length_check|meta_description_length_check
https://review.mssmileenglish.com/review/copy-ai/,109,245,1,52,16,true,true,Answer|BreadcrumbList|FAQPage|ListItem|Person|Product|Question|Rating|Review,title_length_check|meta_description_length_check
https://review.mssmileenglish.com/review/cursor/,107,232,1,49,16,true,true,Answer|BreadcrumbList|FAQPage|ListItem|Person|Product|Question|Rating|Review,title_length_check|meta_description_length_check
https://review.mssmileenglish.com/review/descript/,108,258,1,51,16,true,true,Answer|BreadcrumbList|FAQPage|ListItem|Person|Product|Question|Rating|Review,title_length_check|meta_description_length_check
https://review.mssmileenglish.com/review/durable/,114,250,1,49,16,true,true,Answer|BreadcrumbList|FAQPage|ListItem|Person|Product|Question|Rating|Review,title_length_check|meta_description_length_check
https://review.mssmileenglish.com/review/elevenlabs/,110,260,1,48,16,true,true,Answer|BreadcrumbList|FAQPage|ListItem|Person|Product|Question|Rating|Review,title_length_check|meta_description_length_check
https://review.mssmileenglish.com/review/framer/,113,249,1,49,16,true,true,Answer|BreadcrumbList|FAQPage|ListItem|Person|Product|Question|Rating|Review,title_length_check|meta_description_length_check
https://review.mssmileenglish.com/review/gamma/,112,248,1,49,16,true,true,Answer|BreadcrumbList|FAQPage|ListItem|Person|Product|Question|Rating|Review,title_length_check|meta_description_length_check
https://review.mssmileenglish.com/review/github-copilot/,115,240,1,49,16,true,true,Answer|BreadcrumbList|FAQPage|ListItem|Person|Product|Question|Rating|Review,title_length_check|meta_description_length_check
https://review.mssmileenglish.com/review/hubspot/,102,236,1,49,16,true,true,Answer|BreadcrumbList|FAQPage|ListItem|Person|Product|Question|Rating|Review,title_length_check|meta_description_length_check
https://review.mssmileenglish.com/review/jasper/,108,244,1,51,16,true,true,Answer|BreadcrumbList|FAQPage|ListItem|Person|Product|Question|Rating|Review,title_length_check|meta_description_length_check
https://review.mssmileenglish.com/review/jasper-ai/,111,247,1,51,16,true,true,Answer|BreadcrumbList|FAQPage|ListItem|Person|Product|Question|Rating|Review,title_length_check|meta_description_length_check
https://review.mssmileenglish.com/review/make/,106,243,1,49,16,true,true,Answer|BreadcrumbList|FAQPage|ListItem|Person|Product|Question|Rating|Review,title_length_check|meta_description_length_check
https://review.mssmileenglish.com/review/notion/,110,246,1,54,16,true,true,Answer|BreadcrumbList|FAQPage|ListItem|Person|Product|Question|Rating|Review,title_length_check|meta_description_length_check
https://review.mssmileenglish.com/review/notion-ai/,116,252,1,54,16,true,true,Answer|BreadcrumbList|FAQPage|ListItem|Person|Product|Question|Rating|Review,title_length_check|meta_description_length_check
https://review.mssmileenglish.com/review/pipedrive/,104,238,1,49,16,true,true,Answer|BreadcrumbList|FAQPage|ListItem|Person|Product|Question|Rating|Review,title_length_check|meta_description_length_check
https://review.mssmileenglish.com/review/pipedrive-crm/,108,242,1,49,16,true,true,Answer|BreadcrumbList|FAQPage|ListItem|Person|Product|Question|Rating|Review,title_length_check|meta_description_length_check
https://review.mssmileenglish.com/review/reclaim-ai/,112,248,1,48,16,true,true,Answer|BreadcrumbList|FAQPage|ListItem|Person|Product|Question|Rating|Review,title_length_check|meta_description_length_check
https://review.mssmileenglish.com/review/runway/,106,256,1,51,16,true,true,Answer|BreadcrumbList|FAQPage|ListItem|Person|Product|Question|Rating|Review,title_length_check|meta_description_length_check
https://review.mssmileenglish.com/review/semrush/,105,243,1,51,16,true,true,Answer|BreadcrumbList|FAQPage|ListItem|Person|Product|Question|Rating|Review,title_length_check|meta_description_length_check
https://review.mssmileenglish.com/review/surfer-seo/,108,246,1,50,16,true,true,Answer|BreadcrumbList|FAQPage|ListItem|Person|Product|Question|Rating|Review,title_length_check|meta_description_length_check
https://review.mssmileenglish.com/review/synthesia/,109,259,1,51,16,true,true,Answer|BreadcrumbList|FAQPage|ListItem|Person|Product|Question|Rating|Review,title_length_check|meta_description_length_check
https://review.mssmileenglish.com/review/webflow/,114,250,1,49,16,true,true,Answer|BreadcrumbList|FAQPage|ListItem|Person|Product|Question|Rating|Review,title_length_check|meta_description_length_check
https://review.mssmileenglish.com/review/webflow-ai/,117,253,1,49,16,true,true,Answer|BreadcrumbList|FAQPage|ListItem|Person|Product|Question|Rating|Review,title_length_check|meta_description_length_check
https://review.mssmileenglish.com/review/zapier/,108,245,1,50,16,true,true,Answer|BreadcrumbList|FAQPage|ListItem|Person|Product|Question|Rating|Review,title_length_check|meta_description_length_check
https://review.mssmileenglish.com/reviews/activecampaign/,36,31,1,48,16,true,true,Article|BreadcrumbList|ContactPoint|ListItem|Organization|Person|WebSite,meta_description_length_check
https://review.mssmileenglish.com/reviews/adcreative-ai/,36,30,1,48,16,true,true,Article|BreadcrumbList|ContactPoint|ListItem|Organization|Person|WebSite,meta_description_length_check
https://review.mssmileenglish.com/reviews/canva/,36,22,1,49,16,true,true,Article|BreadcrumbList|ContactPoint|ListItem|Organization|Person|WebSite,meta_description_length_check
https://review.mssmileenglish.com/reviews/copy-ai/,36,24,1,52,16,true,true,Article|BreadcrumbList|ContactPoint|ListItem|Organization|Person|WebSite,meta_description_length_check
https://review.mssmileenglish.com/reviews/cursor/,36,23,1,50,16,true,true,Article|BreadcrumbList|ContactPoint|ListItem|Organization|Person|WebSite,meta_description_length_check
https://review.mssmileenglish.com/reviews/cursor-ai-review-a-practical-guide-for-developers-and-ai-coders/,36,80,1,49,16,true,true,Article|BreadcrumbList|ContactPoint|ListItem|Organization|Person|WebSite,meta_description_length_check
https://review.mssmileenglish.com/reviews/descript/,36,25,1,51,16,true,true,Article|BreadcrumbList|ContactPoint|ListItem|Organization|Person|WebSite,meta_description_length_check
https://review.mssmileenglish.com/reviews/durable/,36,24,1,50,16,true,true,Article|BreadcrumbList|ContactPoint|ListItem|Organization|Person|WebSite,meta_description_length_check
https://review.mssmileenglish.com/reviews/elevenlabs/,36,27,1,48,16,true,true,Article|BreadcrumbList|ContactPoint|ListItem|Organization|Person|WebSite,meta_description_length_check
https://review.mssmileenglish.com/reviews/framer/,36,23,1,50,16,true,true,Article|BreadcrumbList|ContactPoint|ListItem|Organization|Person|WebSite,meta_description_length_check
https://review.mssmileenglish.com/reviews/gamma/,36,22,1,49,16,true,true,Article|BreadcrumbList|ContactPoint|ListItem|Organization|Person|WebSite,meta_description_length_check
https://review.mssmileenglish.com/reviews/github-copilot/,36,31,1,48,16,true,true,Article|BreadcrumbList|ContactPoint|ListItem|Organization|Person|WebSite,meta_description_length_check
https://review.mssmileenglish.com/reviews/hubspot/,36,24,1,50,16,true,true,Article|BreadcrumbList|ContactPoint|ListItem|Organization|Person|WebSite,meta_description_length_check
https://review.mssmileenglish.com/reviews/,32,71,1,73,12,true,true,Article|BreadcrumbList|ContactPoint|ListItem|Organization|Person|WebSite,title_length_check|meta_description_length_check
https://review.mssmileenglish.com/reviews/jasper/,36,23,1,52,16,true,true,Article|BreadcrumbList|ContactPoint|ListItem|Organization|Person|WebSite,meta_description_length_check
https://review.mssmileenglish.com/reviews/jasper-ai/,36,26,1,52,16,true,true,Article|BreadcrumbList|ContactPoint|ListItem|Organization|Person|WebSite,meta_description_length_check
https://review.mssmileenglish.com/reviews/make/,36,21,1,49,16,true,true,Article|BreadcrumbList|ContactPoint|ListItem|Organization|Person|WebSite,meta_description_length_check
https://review.mssmileenglish.com/reviews/notion/,36,23,1,52,16,true,true,Article|BreadcrumbList|ContactPoint|ListItem|Organization|Person|WebSite,meta_description_length_check
https://review.mssmileenglish.com/reviews/notion-ai/,36,26,1,52,16,true,true,Article|BreadcrumbList|ContactPoint|ListItem|Organization|Person|WebSite,meta_description_length_check
https://review.mssmileenglish.com/reviews/pipedrive/,36,26,1,50,16,true,true,Article|BreadcrumbList|ContactPoint|ListItem|Organization|Person|WebSite,meta_description_length_check
https://review.mssmileenglish.com/reviews/pipedrive-crm/,36,30,1,50,16,true,true,Article|BreadcrumbList|ContactPoint|ListItem|Organization|Person|WebSite,meta_description_length_check
https://review.mssmileenglish.com/reviews/reclaim-ai/,36,27,1,49,16,true,true,Article|BreadcrumbList|ContactPoint|ListItem|Organization|Person|WebSite,meta_description_length_check
https://review.mssmileenglish.com/reviews/runway/,36,23,1,51,16,true,true,Article|BreadcrumbList|ContactPoint|ListItem|Organization|Person|WebSite,meta_description_length_check
https://review.mssmileenglish.com/reviews/semrush/,36,24,1,51,16,true,true,Article|BreadcrumbList|ContactPoint|ListItem|Organization|Person|WebSite,meta_description_length_check
https://review.mssmileenglish.com/reviews/surfer-seo/,36,27,1,51,16,true,true,Article|BreadcrumbList|ContactPoint|ListItem|Organization|Person|WebSite,meta_description_length_check
https://review.mssmileenglish.com/reviews/synthesia/,36,26,1,51,16,true,true,Article|BreadcrumbList|ContactPoint|ListItem|Organization|Person|WebSite,meta_description_length_check
https://review.mssmileenglish.com/reviews/webflow/,36,24,1,50,16,true,true,Article|BreadcrumbList|ContactPoint|ListItem|Organization|Person|WebSite,meta_description_length_check
https://review.mssmileenglish.com/reviews/webflow-ai/,36,27,1,50,16,true,true,Article|BreadcrumbList|ContactPoint|ListItem|Organization|Person|WebSite,meta_description_length_check
https://review.mssmileenglish.com/reviews/windsurf/,36,32,1,49,16,true,true,Article|BreadcrumbList|ContactPoint|ListItem|Organization|Person|WebSite,meta_description_length_check
https://review.mssmileenglish.com/reviews/windsurf-review/,36,32,1,49,16,true,true,Article|BreadcrumbList|ContactPoint|ListItem|Organization|Person|WebSite,meta_description_length_check
https://review.mssmileenglish.com/reviews/zapier/,36,23,1,49,16,true,true,Article|BreadcrumbList|ContactPoint|ListItem|Organization|Person|WebSite,meta_description_length_check
https://review.mssmileenglish.com/runway/,50,130,1,48,10,true,true,Answer|Article|Brand|BreadcrumbList|ContactPoint|FAQPage|ListItem|Organization|Person|Product|Question|Rating|Review|SearchAction|SoftwareApplication|WebSite,
https://review.mssmileenglish.com/semrush/,51,131,1,49,12,true,true,Answer|Article|Brand|BreadcrumbList|ContactPoint|FAQPage|ListItem|Organization|Person|Product|Question|Rating|Review|SearchAction|SoftwareApplication|WebSite,
https://review.mssmileenglish.com/semrush-pricing/,79,162,1,47,11,true,true,Answer|BreadcrumbList|FAQPage|ItemList|ListItem|Question,title_length_check
https://review.mssmileenglish.com/sitemap/,32,46,1,131,12,true,true,Article|BreadcrumbList|ContactPoint|ListItem|Organization|Person|WebSite,title_length_check|meta_description_length_check
https://review.mssmileenglish.com/surfer-seo/,54,134,1,47,12,true,true,Answer|Article|Brand|BreadcrumbList|ContactPoint|FAQPage|ListItem|Organization|Person|Product|Question|Rating|Review|SearchAction|SoftwareApplication|WebSite,
https://review.mssmileenglish.com/surfer-seo-pricing/,82,165,1,47,11,true,true,Answer|BreadcrumbList|FAQPage|ItemList|ListItem|Question,title_length_check
https://review.mssmileenglish.com/synthesia/,53,133,1,48,10,true,true,Answer|Article|Brand|BreadcrumbList|ContactPoint|FAQPage|ListItem|Organization|Person|Product|Question|Rating|Review|SearchAction|SoftwareApplication|WebSite,
https://review.mssmileenglish.com/terms/,30,33,1,46,12,true,true,Article|BreadcrumbList|ContactPoint|ListItem|Organization|Person|WebSite,title_length_check|meta_description_length_check
https://review.mssmileenglish.com/testing-methodology/,44,43,1,47,12,true,true,Article|BreadcrumbList|ContactPoint|ListItem|Organization|Person|WebSite,meta_description_length_check
https://review.mssmileenglish.com/vi/about/,58,96,1,13,0,true,true,Article|BreadcrumbList|ListItem|Organization,
https://review.mssmileenglish.com/vi/about-author/,43,46,1,47,12,true,true,Article|BreadcrumbList|ListItem|Liên hệPoint|Organization|Person|WebSite,meta_description_length_check
https://review.mssmileenglish.com/vi/activecampaign/,63,148,1,39,4,true,true,Answer|Article|Brand|BreadcrumbList|FAQPage|ListItem|Liên hệPoint|Organization|Person|Product|Question|Rating|Review|SearchAction|SoftwareApplication|WebSite,
https://review.mssmileenglish.com/vi/adcreative-ai/,62,147,1,40,3,true,true,Answer|Article|Brand|BreadcrumbList|FAQPage|ListItem|Liên hệPoint|Organization|Person|Product|Question|Rating|Review|SearchAction|SoftwareApplication|WebSite,
https://review.mssmileenglish.com/vi/aeo-action-plan/,40,94,1,47,12,true,true,Article|BreadcrumbList|ListItem|Liên hệPoint|Organization|Person|WebSite,
https://review.mssmileenglish.com/vi/affiliate-disclosure/,41,44,1,46,12,true,true,Article|BreadcrumbList|ListItem|Liên hệPoint|Organization|Person|WebSite,meta_description_length_check
https://review.mssmileenglish.com/vi/ai-coding-alternatives/,70,164,1,49,16,true,true,Answer|BreadcrumbList|FAQPage|ItemList|ListItem|Question,
https://review.mssmileenglish.com/vi/ai-coding-software-review/,81,167,1,52,16,true,true,Answer|BreadcrumbList|FAQPage|ItemList|ListItem|Question,title_length_check
https://review.mssmileenglish.com/vi/ai-design-alternatives/,70,164,1,51,16,true,true,Answer|BreadcrumbList|FAQPage|ItemList|ListItem|Question,
https://review.mssmileenglish.com/vi/ai-meeting-alternatives/,71,165,1,51,16,true,true,Answer|BreadcrumbList|FAQPage|ItemList|ListItem|Question,title_length_check
https://review.mssmileenglish.com/vi/ai-meeting-software-review/,92,168,1,53,16,true,true,Answer|BreadcrumbList|FAQPage|ItemList|ListItem|Question,title_length_check
https://review.mssmileenglish.com/vi/ai-productivity-alternatives/,72,170,1,52,16,true,true,Answer|BreadcrumbList|FAQPage|ItemList|ListItem|Question,title_length_check
https://review.mssmileenglish.com/vi/ai-productivity-software-review/,97,173,1,54,16,true,true,Answer|BreadcrumbList|FAQPage|ItemList|ListItem|Question,title_length_check|meta_description_length_check
https://review.mssmileenglish.com/vi/ai-seo-alternatives/,63,161,1,54,16,true,true,Answer|BreadcrumbList|FAQPage|ItemList|ListItem|Question,
https://review.mssmileenglish.com/vi/ai-seo-software-review/,88,164,1,55,16,true,true,Answer|BreadcrumbList|FAQPage|ItemList|ListItem|Question,title_length_check
https://review.mssmileenglish.com/vi/ai-video-alternatives/,65,163,1,54,16,true,true,Answer|BreadcrumbList|FAQPage|ItemList|ListItem|Question,
https://review.mssmileenglish.com/vi/ai-voice-alternatives/,65,163,1,51,16,true,true,Answer|BreadcrumbList|FAQPage|ItemList|ListItem|Question,
https://review.mssmileenglish.com/vi/ai-voice-software-review/,90,166,1,53,16,true,true,Answer|BreadcrumbList|FAQPage|ItemList|ListItem|Question,title_length_check
https://review.mssmileenglish.com/vi/ai-writing-alternatives/,67,165,1,52,16,true,true,Answer|BreadcrumbList|FAQPage|ItemList|ListItem|Question,
https://review.mssmileenglish.com/vi/author-profile/,40,43,1,47,12,true,true,Article|BreadcrumbList|ListItem|Liên hệPoint|Organization|Person|WebSite,meta_description_length_check
https://review.mssmileenglish.com/vi/automation-alternatives/,67,165,1,50,16,true,true,Answer|BreadcrumbList|FAQPage|ItemList|ListItem|Question,
https://review.mssmileenglish.com/vi/automation-software-review/,92,168,1,51,16,true,true,Answer|BreadcrumbList|FAQPage|ItemList|ListItem|Question,title_length_check
https://review.mssmileenglish.com/vi/best-ai-automation-tools/,56,162,1,54,20,true,true,Answer|BreadcrumbList|FAQPage|ItemList|ListItem|Question,
https://review.mssmileenglish.com/vi/best-ai-automation-tools-2026/,61,179,1,58,20,true,true,Answer|BreadcrumbList|FAQPage|ListItem|Question,meta_description_length_check
https://review.mssmileenglish.com/vi/best-ai-coding-tools/,51,158,1,51,20,true,true,Answer|BreadcrumbList|FAQPage|ItemList|ListItem|Question,
https://review.mssmileenglish.com/vi/best-ai-coding-tools-2026/,115,178,1,53,20,true,true,Answer|Article|BreadcrumbList|FAQPage|ListItem|Organization|Person|Question,title_length_check|meta_description_length_check
https://review.mssmileenglish.com/vi/best-ai-presentation-tools/,54,164,1,53,20,true,true,Answer|BreadcrumbList|FAQPage|ItemList|ListItem|Question,
https://review.mssmileenglish.com/vi/best-ai-seo-tools/,48,155,1,55,20,true,true,Answer|BreadcrumbList|FAQPage|ItemList|ListItem|Question,
https://review.mssmileenglish.com/vi/best-ai-seo-tools-2026/,53,171,1,58,20,true,true,Answer|BreadcrumbList|FAQPage|ListItem|Question,meta_description_length_check
https://review.mssmileenglish.com/vi/best-ai-video-tools/,47,157,1,55,20,true,true,Answer|BreadcrumbList|FAQPage|ItemList|ListItem|Question,
https://review.mssmileenglish.com/vi/best-ai-video-tools-2026/,52,170,1,57,20,true,true,Answer|BreadcrumbList|FAQPage|ListItem|Question,
https://review.mssmileenglish.com/vi/best-ai-writing-tools/,49,159,1,57,20,true,true,Answer|BreadcrumbList|FAQPage|ItemList|ListItem|Question,
https://review.mssmileenglish.com/vi/best-ai-writing-tools-2026/,54,172,1,59,20,true,true,Answer|BreadcrumbList|FAQPage|ListItem|Question,meta_description_length_check
https://review.mssmileenglish.com/vi/best-crm-tools/,42,152,1,54,20,true,true,Answer|BreadcrumbList|FAQPage|ItemList|ListItem|Question,
https://review.mssmileenglish.com/vi/best-website-builders/,46,159,1,56,20,true,true,Answer|BreadcrumbList|FAQPage|ItemList|ListItem|Question,
https://review.mssmileenglish.com/vi/blog/ai-productivity-tools/,49,114,1,51,12,true,true,Answer|Article|BreadcrumbList|FAQPage|ListItem|Liên hệPoint|Organization|Person|Question|WebSite,
https://review.mssmileenglish.com/vi/blog/ai-tools-for-content-creators/,57,114,1,50,12,true,true,Answer|Article|BreadcrumbList|FAQPage|ListItem|Liên hệPoint|Organization|Person|Question|WebSite,
https://review.mssmileenglish.com/vi/blog/ai-tools-for-marketers/,50,140,1,50,12,true,true,Answer|Article|BreadcrumbList|FAQPage|ListItem|Liên hệPoint|Organization|Person|Question|WebSite,
https://review.mssmileenglish.com/vi/blog/ai-tools-under-20-month/,52,101,1,50,12,true,true,Answer|Article|BreadcrumbList|FAQPage|ListItem|Liên hệPoint|Organization|Person|Question|WebSite,
https://review.mssmileenglish.com/vi/blog/ai-website-builders-comparison/,55,136,1,51,12,true,true,Answer|Article|BreadcrumbList|FAQPage|ListItem|Liên hệPoint|Organization|Person|Question|WebSite,
https://review.mssmileenglish.com/vi/blog/automation-tools-for-beginners/,58,124,1,51,12,true,true,Answer|Article|BreadcrumbList|FAQPage|ListItem|Liên hệPoint|Organization|Person|Question|WebSite,
https://review.mssmileenglish.com/vi/blog/best-ai-presentation-tools/,54,125,1,50,12,true,true,Answer|Article|BreadcrumbList|FAQPage|ListItem|Liên hệPoint|Organization|Person|Question|WebSite,
https://review.mssmileenglish.com/vi/blog/best-ai-tools-for-small-business/,60,154,1,50,12,true,true,Answer|Article|BreadcrumbList|FAQPage|ListItem|Liên hệPoint|Organization|Person|Question|WebSite,
https://review.mssmileenglish.com/vi/blog/best-ai-voice-generators/,49,124,1,52,12,true,true,Answer|Article|BreadcrumbList|FAQPage|ListItem|Liên hệPoint|Organization|Person|Question|WebSite,
https://review.mssmileenglish.com/vi/blog/best-alternatives-to-canva-ai/,59,137,1,51,12,true,true,Answer|Article|BreadcrumbList|FAQPage|ListItem|Liên hệPoint|Organization|Person|Question|WebSite,
https://review.mssmileenglish.com/vi/blog/best-crm-for-startups/,46,113,1,51,12,true,true,Answer|Article|BreadcrumbList|FAQPage|ListItem|Liên hệPoint|Organization|Person|Question|WebSite,
https://review.mssmileenglish.com/vi/blog/how-to-choose-saas-tools-safely/,59,131,1,50,12,true,true,Answer|Article|BreadcrumbList|FAQPage|ListItem|Liên hệPoint|Organization|Person|Question|WebSite,
https://review.mssmileenglish.com/vi/blog/,29,58,1,58,12,true,true,Article|BreadcrumbList|ListItem|Liên hệPoint|Organization|Person|WebSite,title_length_check|meta_description_length_check
https://review.mssmileenglish.com/vi/canva/,54,139,1,44,10,true,true,Answer|Article|Brand|BreadcrumbList|FAQPage|ListItem|Liên hệPoint|Organization|Person|Product|Question|Rating|Review|SearchAction|SoftwareApplication|WebSite,
https://review.mssmileenglish.com/vi/categories/,33,107,1,54,16,true,true,Answer|Article|BreadcrumbList|FAQPage|ListItem|Liên hệPoint|Organization|Person|Question|WebSite,title_length_check
https://review.mssmileenglish.com/vi/category/ai-automation-tools/,47,64,1,57,24,true,true,Article|BreadcrumbList|ListItem|Liên hệPoint|Organization|Person|WebSite,meta_description_length_check
https://review.mssmileenglish.com/vi/category/ai-coding-tools/,80,155,1,54,24,true,true,Answer|BreadcrumbList|FAQPage|ItemList|ListItem|Question,title_length_check
https://review.mssmileenglish.com/vi/category/ai-customer-support-tools/,53,70,1,57,24,true,true,Article|BreadcrumbList|ListItem|Liên hệPoint|Organization|Person|WebSite,meta_description_length_check
https://review.mssmileenglish.com/vi/category/ai-presentation-tools/,49,66,1,57,24,true,true,Article|BreadcrumbList|ListItem|Liên hệPoint|Organization|Person|WebSite,meta_description_length_check
https://review.mssmileenglish.com/vi/category/ai-seo-tools/,40,57,1,59,24,true,true,Article|BreadcrumbList|ListItem|Liên hệPoint|Organization|Person|WebSite,meta_description_length_check
https://review.mssmileenglish.com/vi/category/ai-video-tools/,42,59,1,59,24,true,true,Article|BreadcrumbList|ListItem|Liên hệPoint|Organization|Person|WebSite,meta_description_length_check
https://review.mssmileenglish.com/vi/category/ai-voice-tools/,42,59,1,57,24,true,true,Article|BreadcrumbList|ListItem|Liên hệPoint|Organization|Person|WebSite,meta_description_length_check
https://review.mssmileenglish.com/vi/category/ai-writing/,35,52,1,73,24,true,true,Article|BreadcrumbList|ListItem|Liên hệPoint|Organization|Person|WebSite,meta_description_length_check
https://review.mssmileenglish.com/vi/category/ai-writing-tools/,44,61,1,61,24,true,true,Article|BreadcrumbList|ListItem|Liên hệPoint|Organization|Person|WebSite,meta_description_length_check
https://review.mssmileenglish.com/vi/category/automation/,35,52,1,60,24,true,true,Article|BreadcrumbList|ListItem|Liên hệPoint|Organization|Person|WebSite,meta_description_length_check
https://review.mssmileenglish.com/vi/category/automation-tools/,78,156,1,56,24,true,true,Answer|BreadcrumbList|FAQPage|ItemList|ListItem|Question,title_length_check
https://review.mssmileenglish.com/vi/category/crm/,28,45,1,59,24,true,true,Article|BreadcrumbList|ListItem|Liên hệPoint|Organization|Person|WebSite,title_length_check|meta_description_length_check
https://review.mssmileenglish.com/vi/category/crm-tools/,37,54,1,59,24,true,true,Article|BreadcrumbList|ListItem|Liên hệPoint|Organization|Person|WebSite,meta_description_length_check
https://review.mssmileenglish.com/vi/category/design-tools/,74,152,1,56,24,true,true,Answer|BreadcrumbList|FAQPage|ItemList|ListItem|Question,title_length_check
https://review.mssmileenglish.com/vi/category/email-marketing-tools/,83,161,1,57,24,true,true,Answer|BreadcrumbList|FAQPage|ItemList|ListItem|Question,title_length_check
https://review.mssmileenglish.com/vi/category/seo-tools/,71,149,1,57,24,true,true,Answer|BreadcrumbList|FAQPage|ItemList|ListItem|Question,title_length_check
https://review.mssmileenglish.com/vi/category/video-tools/,73,151,1,58,24,true,true,Answer|BreadcrumbList|FAQPage|ItemList|ListItem|Question,title_length_check
https://review.mssmileenglish.com/vi/category/website-builder-tools/,83,161,1,56,24,true,true,Answer|BreadcrumbList|FAQPage|ItemList|ListItem|Question,title_length_check
https://review.mssmileenglish.com/vi/category/website-builders/,41,58,1,61,24,true,true,Article|BreadcrumbList|ListItem|Liên hệPoint|Organization|Person|WebSite,meta_description_length_check
https://review.mssmileenglish.com/vi/category/writing-tools/,75,153,1,57,24,true,true,Answer|BreadcrumbList|FAQPage|ItemList|ListItem|Question,title_length_check
https://review.mssmileenglish.com/vi/compare/activecampaign-vs-mailchimp/,92,198,1,52,16,true,true,Answer|BreadcrumbList|FAQPage|ItemList|ListItem|Question,title_length_check|meta_description_length_check
https://review.mssmileenglish.com/vi/compare/canva-vs-adcreative-ai/,99,199,1,50,16,true,true,Answer|BreadcrumbList|FAQPage|ItemList|ListItem|Question,title_length_check|meta_description_length_check
https://review.mssmileenglish.com/vi/compare/cursor-vs-github-copilot/,84,190,1,48,16,true,true,Answer|BreadcrumbList|FAQPage|ItemList|ListItem|Question,title_length_check|meta_description_length_check
https://review.mssmileenglish.com/vi/compare/cursor-vs-windsurf/,75,181,1,48,16,true,true,Answer|BreadcrumbList|FAQPage|ItemList|ListItem|Question,title_length_check|meta_description_length_check
https://review.mssmileenglish.com/vi/compare/github-copilot-vs-codeium/,85,191,1,47,16,true,true,Answer|BreadcrumbList|FAQPage|ItemList|ListItem|Question,title_length_check|meta_description_length_check
https://review.mssmileenglish.com/vi/compare/grammarly-vs-quillbot/,76,188,1,49,16,true,true,Answer|BreadcrumbList|FAQPage|ItemList|ListItem|Question,title_length_check|meta_description_length_check
https://review.mssmileenglish.com/vi/compare/jasper-vs-copy-ai/,85,179,1,52,16,true,true,Answer|BreadcrumbList|FAQPage|ItemList|ListItem|Question,title_length_check|meta_description_length_check
https://review.mssmileenglish.com/vi/compare/make-vs-zapier/,86,180,1,51,16,true,true,Answer|BreadcrumbList|FAQPage|ItemList|ListItem|Question,title_length_check|meta_description_length_check
https://review.mssmileenglish.com/vi/compare/semrush-vs-ahrefs/,82,176,1,51,16,true,true,Answer|BreadcrumbList|FAQPage|ItemList|ListItem|Question,title_length_check|meta_description_length_check
https://review.mssmileenglish.com/vi/compare/synthesia-vs-pictory/,86,180,1,51,16,true,true,Answer|BreadcrumbList|FAQPage|ItemList|ListItem|Question,title_length_check|meta_description_length_check
https://review.mssmileenglish.com/vi/comparisons/canva-vs-adobe-express/,85,174,1,50,16,true,true,Answer|BreadcrumbList|FAQPage|ListItem|Question,title_length_check|meta_description_length_check
https://review.mssmileenglish.com/vi/comparisons/canva-vs-gamma/,98,140,1,51,16,true,true,Answer|BreadcrumbList|FAQPage|ItemList|ListItem|Question,title_length_check
https://review.mssmileenglish.com/vi/comparisons/chatgpt-vs-claude/,82,143,1,49,16,true,true,Answer|BreadcrumbList|FAQPage|ItemList|ListItem|Question,title_length_check
https://review.mssmileenglish.com/vi/comparisons/chatgpt-vs-gemini/,42,126,1,52,16,true,true,Answer|Article|BreadcrumbList|FAQPage|ListItem|Liên hệPoint|Organization|Person|Question|Review|SoftwareApplication|WebSite,review_schema_without_rating_data
https://review.mssmileenglish.com/vi/comparisons/copilot-vs-codex/,99,171,1,50,16,true,true,Answer|Article|BreadcrumbList|FAQPage|ListItem|Liên hệPoint|Organization|Person|Question|WebSite,title_length_check|meta_description_length_check
https://review.mssmileenglish.com/vi/comparisons/copilot-vs-cursor/,93,169,1,49,16,true,true,Answer|Article|BreadcrumbList|FAQPage|ListItem|Organization|Person|Question,title_length_check
https://review.mssmileenglish.com/vi/comparisons/copilot-vs-tabnine/,50,134,1,47,16,true,true,Answer|Article|BreadcrumbList|FAQPage|ListItem|Liên hệPoint|Organization|Person|Question|Review|SoftwareApplication|WebSite,review_schema_without_rating_data
https://review.mssmileenglish.com/vi/comparisons/cursor-vs-copilot/,87,166,1,49,16,true,true,Answer|BreadcrumbList|FAQPage|ListItem|Question,title_length_check
https://review.mssmileenglish.com/vi/comparisons/cursor-vs-github-copilot/,85,150,1,49,16,true,true,Answer|BreadcrumbList|FAQPage|ItemList|ListItem|Question,title_length_check
https://review.mssmileenglish.com/vi/comparisons/cursor-vs-vscode/,42,126,1,50,16,true,true,Answer|Article|BreadcrumbList|FAQPage|ListItem|Liên hệPoint|Organization|Person|Question|Review|SoftwareApplication|WebSite,review_schema_without_rating_data
https://review.mssmileenglish.com/vi/comparisons/cursor-vs-windsurf/,107,171,1,48,16,true,true,Answer|Article|BreadcrumbList|FAQPage|ListItem|Organization|Person|Question,title_length_check|meta_description_length_check
https://review.mssmileenglish.com/vi/comparisons/elevenlabs-vs-murf/,84,144,1,51,16,true,true,Answer|BreadcrumbList|FAQPage|ItemList|ListItem|Question,title_length_check
https://review.mssmileenglish.com/vi/comparisons/elevenlabs-vs-playht/,45,129,1,50,16,true,true,Answer|Article|BreadcrumbList|FAQPage|ListItem|Liên hệPoint|Organization|Person|Question|Review|SoftwareApplication|WebSite,review_schema_without_rating_data
https://review.mssmileenglish.com/vi/comparisons/framer-vs-webflow/,42,126,1,53,16,true,true,Answer|Article|BreadcrumbList|FAQPage|ListItem|Liên hệPoint|Organization|Person|Question|Review|SoftwareApplication|WebSite,review_schema_without_rating_data
https://review.mssmileenglish.com/vi/comparisons/gemini-vs-claude/,41,125,1,51,16,true,true,Answer|Article|BreadcrumbList|FAQPage|ListItem|Liên hệPoint|Organization|Person|Question|Review|SoftwareApplication|WebSite,review_schema_without_rating_data
https://review.mssmileenglish.com/vi/comparisons/hubspot-vs-salesforce/,46,130,1,51,16,true,true,Answer|Article|BreadcrumbList|FAQPage|ListItem|Liên hệPoint|Organization|Person|Question|Review|SoftwareApplication|WebSite,review_schema_without_rating_data
https://review.mssmileenglish.com/vi/comparisons/,32,71,1,79,12,true,true,Article|BreadcrumbList|ListItem|Liên hệPoint|Organization|Person|WebSite,title_length_check|meta_description_length_check
https://review.mssmileenglish.com/vi/comparisons/jasper-vs-copyai/,42,126,1,54,16,true,true,Answer|Article|BreadcrumbList|FAQPage|ListItem|Liên hệPoint|Organization|Person|Question|Review|SoftwareApplication|WebSite,review_schema_without_rating_data
https://review.mssmileenglish.com/vi/comparisons/make-vs-zapier/,86,140,1,53,16,true,true,Answer|BreadcrumbList|FAQPage|ItemList|ListItem|Question,title_length_check
https://review.mssmileenglish.com/vi/comparisons/midjourney-vs-dalle/,45,129,1,50,16,true,true,Answer|Article|BreadcrumbList|FAQPage|ListItem|Liên hệPoint|Organization|Person|Question|Review|SoftwareApplication|WebSite,review_schema_without_rating_data
https://review.mssmileenglish.com/vi/comparisons/notion-ai-vs-chatgpt/,45,129,1,53,16,true,true,Answer|Article|BreadcrumbList|FAQPage|ListItem|Liên hệPoint|Organization|Person|Question|Review|SoftwareApplication|WebSite,review_schema_without_rating_data
https://review.mssmileenglish.com/vi/comparisons/notion-ai-vs-clickup-ai/,96,149,1,52,16,true,true,Answer|BreadcrumbList|FAQPage|ItemList|ListItem|Question,title_length_check
https://review.mssmileenglish.com/vi/comparisons/notion-vs-clickup/,42,126,1,53,16,true,true,Answer|Article|BreadcrumbList|FAQPage|ListItem|Liên hệPoint|Organization|Person|Question|Review|SoftwareApplication|WebSite,review_schema_without_rating_data
https://review.mssmileenglish.com/vi/comparisons/perplexity-vs-chatgpt/,46,130,1,52,16,true,true,Answer|Article|BreadcrumbList|FAQPage|ListItem|Liên hệPoint|Organization|Person|Question|Review|SoftwareApplication|WebSite,review_schema_without_rating_data
https://review.mssmileenglish.com/vi/comparisons/runway-vs-pika/,80,140,1,52,16,true,true,Answer|BreadcrumbList|FAQPage|ItemList|ListItem|Question,title_length_check
https://review.mssmileenglish.com/vi/comparisons/semrush-vs-ahrefs/,82,143,1,52,16,true,true,Answer|BreadcrumbList|FAQPage|ItemList|ListItem|Question,title_length_check
https://review.mssmileenglish.com/vi/comparisons/synthesia-vs-heygen/,44,128,1,51,16,true,true,Answer|Article|BreadcrumbList|FAQPage|ListItem|Liên hệPoint|Organization|Person|Question|Review|SoftwareApplication|WebSite,review_schema_without_rating_data
https://review.mssmileenglish.com/vi/comparisons/windsurf-vs-copilot/,89,184,1,50,16,true,true,Answer|BreadcrumbList|FAQPage|ListItem|Question,title_length_check|meta_description_length_check
https://review.mssmileenglish.com/vi/contact/,32,35,1,46,12,true,true,Article|BreadcrumbList|ListItem|Liên hệPoint|Organization|Person|WebSite,title_length_check|meta_description_length_check
https://review.mssmileenglish.com/vi/copy-ai/,56,141,1,49,13,true,true,Answer|Article|Brand|BreadcrumbList|FAQPage|ListItem|Liên hệPoint|Organization|Person|Product|Question|Rating|Review|SearchAction|SoftwareApplication|WebSite,
https://review.mssmileenglish.com/vi/crm-alternatives/,60,158,1,52,16,true,true,Answer|BreadcrumbList|FAQPage|ItemList|ListItem|Question,
https://review.mssmileenglish.com/vi/cursor/,55,140,1,48,15,true,true,Answer|Article|Brand|BreadcrumbList|FAQPage|ListItem|Liên hệPoint|Organization|Person|Product|Question|Rating|Review|SearchAction|SoftwareApplication|WebSite,
https://review.mssmileenglish.com/vi/cursor-ai-review-a-practical-guide-for-developers-and-ai-coders/,91,41,1,49,15,true,true,Answer|Article|BreadcrumbList|FAQPage|ListItem|Liên hệPoint|Organization|Person|Question|WebSite,title_length_check|meta_description_length_check
https://review.mssmileenglish.com/vi/cursor-pricing/,74,157,1,45,11,true,true,Answer|BreadcrumbList|FAQPage|ItemList|ListItem|Question,title_length_check
https://review.mssmileenglish.com/vi/descript/,57,142,1,48,10,true,true,Answer|Article|Brand|BreadcrumbList|FAQPage|ListItem|Liên hệPoint|Organization|Person|Product|Question|Rating|Review|SearchAction|SoftwareApplication|WebSite,
https://review.mssmileenglish.com/vi/disclosure/,41,44,1,46,16,true,true,Answer|Article|BreadcrumbList|FAQPage|ListItem|Liên hệPoint|Organization|Person|Question|WebSite,meta_description_length_check
https://review.mssmileenglish.com/vi/downloads/ai-coding-workflow-checklist/,53,77,1,14,0,true,true,Answer|Article|BreadcrumbList|FAQPage|ListItem|Organization|Question,meta_description_length_check
https://review.mssmileenglish.com/vi/durable/,56,141,1,45,7,true,true,Answer|Article|Brand|BreadcrumbList|FAQPage|ListItem|Liên hệPoint|Organization|Person|Product|Question|Rating|Review|SearchAction|SoftwareApplication|WebSite,
https://review.mssmileenglish.com/vi/editorial-policy/,44,47,1,46,12,true,true,Article|BreadcrumbList|ListItem|Liên hệPoint|Organization|Person|WebSite,meta_description_length_check
https://review.mssmileenglish.com/vi/elevenlabs/,59,144,1,42,7,true,true,Answer|Article|Brand|BreadcrumbList|FAQPage|ListItem|Liên hệPoint|Organization|Person|Product|Question|Rating|Review|SearchAction|SoftwareApplication|WebSite,
https://review.mssmileenglish.com/vi/elevenlabs-pricing/,78,161,1,47,11,true,true,Answer|BreadcrumbList|FAQPage|ItemList|ListItem|Question,title_length_check
https://review.mssmileenglish.com/vi/email-capture-setup/,47,87,1,14,0,true,true,Answer|Article|BreadcrumbList|FAQPage|ListItem|Organization|Question,meta_description_length_check
https://review.mssmileenglish.com/vi/email-marketing-alternatives/,72,170,1,49,16,true,true,Answer|BreadcrumbList|FAQPage|ItemList|ListItem|Question,title_length_check
https://review.mssmileenglish.com/vi/email-marketing-software-review/,97,173,1,49,16,true,true,Answer|BreadcrumbList|FAQPage|ItemList|ListItem|Question,title_length_check|meta_description_length_check
https://review.mssmileenglish.com/vi/formspree-setup/,53,75,1,14,0,true,true,Answer|Article|BreadcrumbList|FAQPage|ListItem|Organization|Question,meta_description_length_check
https://review.mssmileenglish.com/vi/framer/,55,140,1,45,7,true,true,Answer|Article|Brand|BreadcrumbList|FAQPage|ListItem|Liên hệPoint|Organization|Person|Product|Question|Rating|Review|SearchAction|SoftwareApplication|WebSite,
https://review.mssmileenglish.com/vi/free-ai-coding-workflow-checklist/,62,98,1,15,0,true,true,Answer|Article|BreadcrumbList|FAQPage|ListItem|Organization|Question,
https://review.mssmileenglish.com/vi/gamma/,54,139,1,45,10,true,true,Answer|Article|Brand|BreadcrumbList|FAQPage|ListItem|Liên hệPoint|Organization|Person|Product|Question|Rating|Review|SearchAction|SoftwareApplication|WebSite,
https://review.mssmileenglish.com/vi/github-copilot/,63,148,1,46,15,true,true,Answer|Article|Brand|BreadcrumbList|FAQPage|ListItem|Liên hệPoint|Organization|Person|Product|Question|Rating|Review|SearchAction|SoftwareApplication|WebSite,
https://review.mssmileenglish.com/vi/github-copilot-pricing/,82,165,1,43,11,true,true,Answer|BreadcrumbList|FAQPage|ItemList|ListItem|Question,title_length_check
https://review.mssmileenglish.com/vi/how-we-review-tools/,49,52,1,47,12,true,true,Article|BreadcrumbList|ListItem|Liên hệPoint|Organization|Person|WebSite,meta_description_length_check
https://review.mssmileenglish.com/vi/hub/ai-automation/,51,107,1,52,17,true,true,BreadcrumbList|ItemList|ListItem,
https://review.mssmileenglish.com/vi/hub/ai-coding/,46,112,1,51,17,true,true,BreadcrumbList|ItemList|ListItem,
https://review.mssmileenglish.com/vi/hub/ai-presentation/,53,114,1,53,17,true,true,BreadcrumbList|ItemList|ListItem,
https://review.mssmileenglish.com/vi/hub/ai-seo/,44,120,1,53,17,true,true,BreadcrumbList|ItemList|ListItem,
https://review.mssmileenglish.com/vi/hub/ai-video/,46,106,1,55,17,true,true,BreadcrumbList|ItemList|ListItem,
https://review.mssmileenglish.com/vi/hub/ai-voice/,46,105,1,52,17,true,true,BreadcrumbList|ItemList|ListItem,
https://review.mssmileenglish.com/vi/hub/ai-writing/,48,110,1,62,17,true,true,BreadcrumbList|ItemList|ListItem,
https://review.mssmileenglish.com/vi/hub/crm/,41,102,1,55,17,true,true,BreadcrumbList|ItemList|ListItem,
https://review.mssmileenglish.com/vi/hub/email-marketing/,53,111,1,59,17,true,true,BreadcrumbList|ItemList|ListItem,
https://review.mssmileenglish.com/vi/hub/marketing/,50,108,1,64,17,true,true,BreadcrumbList|ItemList|ListItem,
https://review.mssmileenglish.com/vi/hub/productivity/,53,102,1,59,17,true,true,BreadcrumbList|ItemList|ListItem,
https://review.mssmileenglish.com/vi/hub/website-builders/,45,106,1,57,17,true,true,BreadcrumbList|ItemList|ListItem,
https://review.mssmileenglish.com/vi/hubs/,34,109,1,56,17,true,true,Answer|Article|BreadcrumbList|FAQPage|ListItem|Liên hệPoint|Organization|Person|Question|WebSite,title_length_check
https://review.mssmileenglish.com/vi/hubspot/,56,141,1,44,7,true,true,Answer|Article|Brand|BreadcrumbList|FAQPage|ListItem|Liên hệPoint|Organization|Person|Product|Question|Rating|Review|SearchAction|SoftwareApplication|WebSite,
https://review.mssmileenglish.com/vi/,54,145,1,102,12,true,true,Answer|Article|FAQPage|Liên hệPoint|Organization|Person|Question|WebSite,
https://review.mssmileenglish.com/vi/jasper/,55,140,1,49,13,true,true,Answer|Article|Brand|BreadcrumbList|FAQPage|ListItem|Liên hệPoint|Organization|Person|Product|Question|Rating|Review|SearchAction|SoftwareApplication|WebSite,
https://review.mssmileenglish.com/vi/jasper-ai/,58,143,1,49,13,true,true,Answer|Article|Brand|BreadcrumbList|FAQPage|ListItem|Liên hệPoint|Organization|Person|Product|Question|Rating|Review|SearchAction|SoftwareApplication|WebSite,
https://review.mssmileenglish.com/vi/jasper-pricing/,74,157,1,49,11,true,true,Answer|BreadcrumbList|FAQPage|ItemList|ListItem|Question,title_length_check
https://review.mssmileenglish.com/vi/make/,53,138,1,44,12,true,true,Answer|Article|Brand|BreadcrumbList|FAQPage|ListItem|Liên hệPoint|Organization|Person|Product|Question|Rating|Review|SearchAction|SoftwareApplication|WebSite,
https://review.mssmileenglish.com/vi/make-pricing/,72,155,1,46,11,true,true,Answer|BreadcrumbList|FAQPage|ItemList|ListItem|Question,title_length_check
https://review.mssmileenglish.com/vi/marketing-alternatives/,66,164,1,48,16,true,true,Answer|BreadcrumbList|FAQPage|ItemList|ListItem|Question,
https://review.mssmileenglish.com/vi/marketing-software-review/,91,167,1,49,16,true,true,Answer|BreadcrumbList|FAQPage|ItemList|ListItem|Question,title_length_check
https://review.mssmileenglish.com/vi/media-kit/,34,57,1,47,12,true,true,Article|BreadcrumbList|ListItem|Liên hệPoint|Organization|Person|WebSite,title_length_check|meta_description_length_check
https://review.mssmileenglish.com/vi/notion/,55,140,1,49,13,true,true,Answer|Article|Brand|BreadcrumbList|FAQPage|ListItem|Liên hệPoint|Organization|Person|Product|Question|Rating|Review|SearchAction|SoftwareApplication|WebSite,
https://review.mssmileenglish.com/vi/notion-ai/,58,143,1,49,13,true,true,Answer|Article|Brand|BreadcrumbList|FAQPage|ListItem|Liên hệPoint|Organization|Person|Product|Question|Rating|Review|SearchAction|SoftwareApplication|WebSite,
https://review.mssmileenglish.com/vi/pipedrive/,58,143,1,45,7,true,true,Answer|Article|Brand|BreadcrumbList|FAQPage|ListItem|Liên hệPoint|Organization|Person|Product|Question|Rating|Review|SearchAction|SoftwareApplication|WebSite,
https://review.mssmileenglish.com/vi/pipedrive-crm/,62,147,1,44,7,true,true,Answer|Article|Brand|BreadcrumbList|FAQPage|ListItem|Liên hệPoint|Organization|Person|Product|Question|Rating|Review|SearchAction|SoftwareApplication|WebSite,
https://review.mssmileenglish.com/vi/pricing/activecampaign/,102,171,1,47,11,true,true,Answer|BreadcrumbList|FAQPage|ListItem|Question,title_length_check|meta_description_length_check
https://review.mssmileenglish.com/vi/pricing/canva/,93,156,1,48,11,true,true,Answer|BreadcrumbList|FAQPage|ListItem|Question,title_length_check
https://review.mssmileenglish.com/vi/pricing/cursor/,94,153,1,47,11,true,true,Answer|BreadcrumbList|FAQPage|ListItem|Question,title_length_check
https://review.mssmileenglish.com/vi/pricing/github-copilot/,102,165,1,47,11,true,true,Answer|BreadcrumbList|FAQPage|ListItem|Question,title_length_check
https://review.mssmileenglish.com/vi/pricing/grammarly/,97,161,1,48,11,true,true,Answer|BreadcrumbList|FAQPage|ListItem|Question,title_length_check
https://review.mssmileenglish.com/vi/pricing/,38,121,1,52,11,true,true,Answer|Article|BreadcrumbList|FAQPage|ListItem|Liên hệPoint|Organization|Person|Question|WebSite,
https://review.mssmileenglish.com/vi/pricing/mailchimp/,97,166,1,49,11,true,true,Answer|BreadcrumbList|FAQPage|ListItem|Question,title_length_check
https://review.mssmileenglish.com/vi/pricing/make/,92,156,1,48,11,true,true,Answer|BreadcrumbList|FAQPage|ListItem|Question,title_length_check
https://review.mssmileenglish.com/vi/pricing/pictory/,95,157,1,50,11,true,true,Answer|BreadcrumbList|FAQPage|ListItem|Question,title_length_check
https://review.mssmileenglish.com/vi/pricing/semrush/,95,155,1,47,11,true,true,Answer|BreadcrumbList|FAQPage|ListItem|Question,title_length_check
https://review.mssmileenglish.com/vi/pricing/zapier/,94,158,1,48,11,true,true,Answer|BreadcrumbList|FAQPage|ListItem|Question,title_length_check
https://review.mssmileenglish.com/vi/privacy/,43,46,1,46,16,true,true,Answer|Article|BreadcrumbList|FAQPage|ListItem|Liên hệPoint|Organization|Person|Question|WebSite,meta_description_length_check
https://review.mssmileenglish.com/vi/privacy-policy/,43,46,1,46,12,true,true,Article|BreadcrumbList|ListItem|Liên hệPoint|Organization|Person|WebSite,meta_description_length_check
https://review.mssmileenglish.com/vi/productivity-alternatives/,69,167,1,51,16,true,true,Answer|BreadcrumbList|FAQPage|ItemList|ListItem|Question,
https://review.mssmileenglish.com/vi/reclaim-ai/,59,144,1,40,2,true,true,Answer|Article|Brand|BreadcrumbList|FAQPage|ListItem|Liên hệPoint|Organization|Person|Product|Question|Rating|Review|SearchAction|SoftwareApplication|WebSite,
https://review.mssmileenglish.com/vi/review/activecampaign/,134,251,1,48,16,true,true,Answer|BreadcrumbList|FAQPage|ListItem|Person|Product|Question|Rating|Review,title_length_check|meta_description_length_check
https://review.mssmileenglish.com/vi/review/adcreative-ai/,127,244,1,48,16,true,true,Answer|BreadcrumbList|FAQPage|ListItem|Person|Product|Question|Rating|Review,title_length_check|meta_description_length_check
https://review.mssmileenglish.com/vi/review/canva/,119,252,1,49,16,true,true,Answer|BreadcrumbList|FAQPage|ListItem|Person|Product|Question|Rating|Review,title_length_check|meta_description_length_check
https://review.mssmileenglish.com/vi/review/copy-ai/,122,241,1,52,16,true,true,Answer|BreadcrumbList|FAQPage|ListItem|Person|Product|Question|Rating|Review,title_length_check|meta_description_length_check
https://review.mssmileenglish.com/vi/review/cursor/,127,230,1,49,16,true,true,Answer|BreadcrumbList|FAQPage|ListItem|Person|Product|Question|Rating|Review,title_length_check|meta_description_length_check
https://review.mssmileenglish.com/vi/review/descript/,121,254,1,51,16,true,true,Answer|BreadcrumbList|FAQPage|ListItem|Person|Product|Question|Rating|Review,title_length_check|meta_description_length_check
https://review.mssmileenglish.com/vi/review/durable/,127,246,1,49,16,true,true,Answer|BreadcrumbList|FAQPage|ListItem|Person|Product|Question|Rating|Review,title_length_check|meta_description_length_check
https://review.mssmileenglish.com/vi/review/elevenlabs/,123,256,1,48,16,true,true,Answer|BreadcrumbList|FAQPage|ListItem|Person|Product|Question|Rating|Review,title_length_check|meta_description_length_check
https://review.mssmileenglish.com/vi/review/framer/,126,245,1,49,16,true,true,Answer|BreadcrumbList|FAQPage|ListItem|Person|Product|Question|Rating|Review,title_length_check|meta_description_length_check
https://review.mssmileenglish.com/vi/review/gamma/,125,244,1,49,16,true,true,Answer|BreadcrumbList|FAQPage|ListItem|Person|Product|Question|Rating|Review,title_length_check|meta_description_length_check
https://review.mssmileenglish.com/vi/review/github-copilot/,135,238,1,49,16,true,true,Answer|BreadcrumbList|FAQPage|ListItem|Person|Product|Question|Rating|Review,title_length_check|meta_description_length_check
https://review.mssmileenglish.com/vi/review/hubspot/,115,232,1,49,16,true,true,Answer|BreadcrumbList|FAQPage|ListItem|Person|Product|Question|Rating|Review,title_length_check|meta_description_length_check
https://review.mssmileenglish.com/vi/review/jasper/,121,240,1,51,16,true,true,Answer|BreadcrumbList|FAQPage|ListItem|Person|Product|Question|Rating|Review,title_length_check|meta_description_length_check
https://review.mssmileenglish.com/vi/review/jasper-ai/,124,243,1,51,16,true,true,Answer|BreadcrumbList|FAQPage|ListItem|Person|Product|Question|Rating|Review,title_length_check|meta_description_length_check
https://review.mssmileenglish.com/vi/review/make/,119,239,1,49,16,true,true,Answer|BreadcrumbList|FAQPage|ListItem|Person|Product|Question|Rating|Review,title_length_check|meta_description_length_check
https://review.mssmileenglish.com/vi/review/notion/,123,242,1,54,16,true,true,Answer|BreadcrumbList|FAQPage|ListItem|Person|Product|Question|Rating|Review,title_length_check|meta_description_length_check
https://review.mssmileenglish.com/vi/review/notion-ai/,129,248,1,54,16,true,true,Answer|BreadcrumbList|FAQPage|ListItem|Person|Product|Question|Rating|Review,title_length_check|meta_description_length_check
https://review.mssmileenglish.com/vi/review/pipedrive/,117,234,1,49,16,true,true,Answer|BreadcrumbList|FAQPage|ListItem|Person|Product|Question|Rating|Review,title_length_check|meta_description_length_check
https://review.mssmileenglish.com/vi/review/pipedrive-crm/,121,238,1,49,16,true,true,Answer|BreadcrumbList|FAQPage|ListItem|Person|Product|Question|Rating|Review,title_length_check|meta_description_length_check
https://review.mssmileenglish.com/vi/review/reclaim-ai/,125,244,1,48,16,true,true,Answer|BreadcrumbList|FAQPage|ListItem|Person|Product|Question|Rating|Review,title_length_check|meta_description_length_check
https://review.mssmileenglish.com/vi/review/runway/,119,252,1,51,16,true,true,Answer|BreadcrumbList|FAQPage|ListItem|Person|Product|Question|Rating|Review,title_length_check|meta_description_length_check
https://review.mssmileenglish.com/vi/review/semrush/,118,239,1,51,16,true,true,Answer|BreadcrumbList|FAQPage|ListItem|Person|Product|Question|Rating|Review,title_length_check|meta_description_length_check
https://review.mssmileenglish.com/vi/review/surfer-seo/,121,242,1,50,16,true,true,Answer|BreadcrumbList|FAQPage|ListItem|Person|Product|Question|Rating|Review,title_length_check|meta_description_length_check
https://review.mssmileenglish.com/vi/review/synthesia/,122,255,1,51,16,true,true,Answer|BreadcrumbList|FAQPage|ListItem|Person|Product|Question|Rating|Review,title_length_check|meta_description_length_check
https://review.mssmileenglish.com/vi/review/webflow/,127,246,1,49,16,true,true,Answer|BreadcrumbList|FAQPage|ListItem|Person|Product|Question|Rating|Review,title_length_check|meta_description_length_check
https://review.mssmileenglish.com/vi/review/webflow-ai/,130,249,1,49,16,true,true,Answer|BreadcrumbList|FAQPage|ListItem|Person|Product|Question|Rating|Review,title_length_check|meta_description_length_check
https://review.mssmileenglish.com/vi/review/zapier/,121,241,1,50,16,true,true,Answer|BreadcrumbList|FAQPage|ListItem|Person|Product|Question|Rating|Review,title_length_check|meta_description_length_check
https://review.mssmileenglish.com/vi/reviews/activecampaign/,36,31,1,48,16,true,true,Article|BreadcrumbList|ListItem|Liên hệPoint|Organization|Person|WebSite,meta_description_length_check
https://review.mssmileenglish.com/vi/reviews/adcreative-ai/,36,30,1,48,16,true,true,Article|BreadcrumbList|ListItem|Liên hệPoint|Organization|Person|WebSite,meta_description_length_check
https://review.mssmileenglish.com/vi/reviews/canva/,36,22,1,49,16,true,true,Article|BreadcrumbList|ListItem|Liên hệPoint|Organization|Person|WebSite,meta_description_length_check
https://review.mssmileenglish.com/vi/reviews/copy-ai/,36,24,1,52,16,true,true,Article|BreadcrumbList|ListItem|Liên hệPoint|Organization|Person|WebSite,meta_description_length_check
https://review.mssmileenglish.com/vi/reviews/cursor/,36,23,1,50,16,true,true,Article|BreadcrumbList|ListItem|Liên hệPoint|Organization|Person|WebSite,meta_description_length_check
https://review.mssmileenglish.com/vi/reviews/cursor-ai-review-a-practical-guide-for-developers-and-ai-coders/,36,80,1,49,16,true,true,Article|BreadcrumbList|ListItem|Liên hệPoint|Organization|Person|WebSite,meta_description_length_check
https://review.mssmileenglish.com/vi/reviews/descript/,36,25,1,51,16,true,true,Article|BreadcrumbList|ListItem|Liên hệPoint|Organization|Person|WebSite,meta_description_length_check
https://review.mssmileenglish.com/vi/reviews/durable/,36,24,1,50,16,true,true,Article|BreadcrumbList|ListItem|Liên hệPoint|Organization|Person|WebSite,meta_description_length_check
https://review.mssmileenglish.com/vi/reviews/elevenlabs/,36,27,1,48,16,true,true,Article|BreadcrumbList|ListItem|Liên hệPoint|Organization|Person|WebSite,meta_description_length_check
https://review.mssmileenglish.com/vi/reviews/framer/,36,23,1,50,16,true,true,Article|BreadcrumbList|ListItem|Liên hệPoint|Organization|Person|WebSite,meta_description_length_check
https://review.mssmileenglish.com/vi/reviews/gamma/,36,22,1,49,16,true,true,Article|BreadcrumbList|ListItem|Liên hệPoint|Organization|Person|WebSite,meta_description_length_check
https://review.mssmileenglish.com/vi/reviews/github-copilot/,36,31,1,48,16,true,true,Article|BreadcrumbList|ListItem|Liên hệPoint|Organization|Person|WebSite,meta_description_length_check
https://review.mssmileenglish.com/vi/reviews/hubspot/,36,24,1,50,16,true,true,Article|BreadcrumbList|ListItem|Liên hệPoint|Organization|Person|WebSite,meta_description_length_check
https://review.mssmileenglish.com/vi/reviews/,33,71,1,73,12,true,true,Article|BreadcrumbList|ListItem|Liên hệPoint|Organization|Person|WebSite,title_length_check|meta_description_length_check
https://review.mssmileenglish.com/vi/reviews/jasper/,36,23,1,52,16,true,true,Article|BreadcrumbList|ListItem|Liên hệPoint|Organization|Person|WebSite,meta_description_length_check
https://review.mssmileenglish.com/vi/reviews/jasper-ai/,36,26,1,52,16,true,true,Article|BreadcrumbList|ListItem|Liên hệPoint|Organization|Person|WebSite,meta_description_length_check
https://review.mssmileenglish.com/vi/reviews/make/,36,21,1,49,16,true,true,Article|BreadcrumbList|ListItem|Liên hệPoint|Organization|Person|WebSite,meta_description_length_check
https://review.mssmileenglish.com/vi/reviews/notion/,36,23,1,52,16,true,true,Article|BreadcrumbList|ListItem|Liên hệPoint|Organization|Person|WebSite,meta_description_length_check
https://review.mssmileenglish.com/vi/reviews/notion-ai/,36,26,1,52,16,true,true,Article|BreadcrumbList|ListItem|Liên hệPoint|Organization|Person|WebSite,meta_description_length_check
https://review.mssmileenglish.com/vi/reviews/pipedrive/,36,26,1,50,16,true,true,Article|BreadcrumbList|ListItem|Liên hệPoint|Organization|Person|WebSite,meta_description_length_check
https://review.mssmileenglish.com/vi/reviews/pipedrive-crm/,36,30,1,50,16,true,true,Article|BreadcrumbList|ListItem|Liên hệPoint|Organization|Person|WebSite,meta_description_length_check
https://review.mssmileenglish.com/vi/reviews/reclaim-ai/,36,27,1,49,16,true,true,Article|BreadcrumbList|ListItem|Liên hệPoint|Organization|Person|WebSite,meta_description_length_check
https://review.mssmileenglish.com/vi/reviews/runway/,36,23,1,51,16,true,true,Article|BreadcrumbList|ListItem|Liên hệPoint|Organization|Person|WebSite,meta_description_length_check
https://review.mssmileenglish.com/vi/reviews/semrush/,36,24,1,51,16,true,true,Article|BreadcrumbList|ListItem|Liên hệPoint|Organization|Person|WebSite,meta_description_length_check
https://review.mssmileenglish.com/vi/reviews/surfer-seo/,36,27,1,51,16,true,true,Article|BreadcrumbList|ListItem|Liên hệPoint|Organization|Person|WebSite,meta_description_length_check
https://review.mssmileenglish.com/vi/reviews/synthesia/,36,26,1,51,16,true,true,Article|BreadcrumbList|ListItem|Liên hệPoint|Organization|Person|WebSite,meta_description_length_check
https://review.mssmileenglish.com/vi/reviews/webflow/,36,24,1,50,16,true,true,Article|BreadcrumbList|ListItem|Liên hệPoint|Organization|Person|WebSite,meta_description_length_check
https://review.mssmileenglish.com/vi/reviews/webflow-ai/,36,27,1,50,16,true,true,Article|BreadcrumbList|ListItem|Liên hệPoint|Organization|Person|WebSite,meta_description_length_check
https://review.mssmileenglish.com/vi/reviews/windsurf/,36,32,1,49,16,true,true,Article|BreadcrumbList|ListItem|Liên hệPoint|Organization|Person|WebSite,meta_description_length_check
https://review.mssmileenglish.com/vi/reviews/windsurf-review/,36,32,1,49,16,true,true,Article|BreadcrumbList|ListItem|Liên hệPoint|Organization|Person|WebSite,meta_description_length_check
https://review.mssmileenglish.com/vi/reviews/zapier/,36,23,1,49,16,true,true,Article|BreadcrumbList|ListItem|Liên hệPoint|Organization|Person|WebSite,meta_description_length_check
https://review.mssmileenglish.com/vi/runway/,55,140,1,48,10,true,true,Answer|Article|Brand|BreadcrumbList|FAQPage|ListItem|Liên hệPoint|Organization|Person|Product|Question|Rating|Review|SearchAction|SoftwareApplication|WebSite,
https://review.mssmileenglish.com/vi/semrush/,56,141,1,49,12,true,true,Answer|Article|Brand|BreadcrumbList|FAQPage|ListItem|Liên hệPoint|Organization|Person|Product|Question|Rating|Review|SearchAction|SoftwareApplication|WebSite,
https://review.mssmileenglish.com/vi/semrush-pricing/,75,158,1,47,11,true,true,Answer|BreadcrumbList|FAQPage|ItemList|ListItem|Question,title_length_check
https://review.mssmileenglish.com/vi/sitemap/,32,50,1,131,12,true,true,Article|BreadcrumbList|ListItem|Liên hệPoint|Organization|Person|WebSite,title_length_check|meta_description_length_check
https://review.mssmileenglish.com/vi/surfer-seo/,59,144,1,47,12,true,true,Answer|Article|Brand|BreadcrumbList|FAQPage|ListItem|Liên hệPoint|Organization|Person|Product|Question|Rating|Review|SearchAction|SoftwareApplication|WebSite,
https://review.mssmileenglish.com/vi/surfer-seo-pricing/,78,161,1,47,11,true,true,Answer|BreadcrumbList|FAQPage|ItemList|ListItem|Question,title_length_check
https://review.mssmileenglish.com/vi/synthesia/,58,143,1,48,10,true,true,Answer|Article|Brand|BreadcrumbList|FAQPage|ListItem|Liên hệPoint|Organization|Person|Product|Question|Rating|Review|SearchAction|SoftwareApplication|WebSite,
https://review.mssmileenglish.com/vi/terms/,35,38,1,46,12,true,true,Article|BreadcrumbList|ListItem|Liên hệPoint|Organization|Person|WebSite,meta_description_length_check
https://review.mssmileenglish.com/vi/testing-methodology/,47,50,1,47,12,true,true,Article|BreadcrumbList|ListItem|Liên hệPoint|Organization|Person|WebSite,meta_description_length_check
https://review.mssmileenglish.com/vi/webflow/,56,141,1,43,7,true,true,Answer|Article|Brand|BreadcrumbList|FAQPage|ListItem|Liên hệPoint|Organization|Person|Product|Question|Rating|Review|SearchAction|SoftwareApplication|WebSite,
https://review.mssmileenglish.com/vi/webflow-ai/,59,144,1,43,7,true,true,Answer|Article|Brand|BreadcrumbList|FAQPage|ListItem|Liên hệPoint|Organization|Person|Product|Question|Rating|Review|SearchAction|SoftwareApplication|WebSite,
https://review.mssmileenglish.com/vi/website-builder-alternatives/,72,170,1,55,16,true,true,Answer|BreadcrumbList|FAQPage|ItemList|ListItem|Question,title_length_check
https://review.mssmileenglish.com/vi/website-builder-software-review/,97,173,1,54,16,true,true,Answer|BreadcrumbList|FAQPage|ItemList|ListItem|Question,title_length_check|meta_description_length_check
https://review.mssmileenglish.com/vi/windsurf-review/,115,175,1,49,16,true,true,Answer|Article|BreadcrumbList|FAQPage|ListItem|Organization|Person|Question,title_length_check|meta_description_length_check
https://review.mssmileenglish.com/vi/zapier/,55,140,1,46,12,true,true,Answer|Article|Brand|BreadcrumbList|FAQPage|ListItem|Liên hệPoint|Organization|Person|Product|Question|Rating|Review|SearchAction|SoftwareApplication|WebSite,
https://review.mssmileenglish.com/vi/zapier-pricing/,74,157,1,47,11,true,true,Answer|BreadcrumbList|FAQPage|ItemList|ListItem|Question,title_length_check
https://review.mssmileenglish.com/webflow/,51,131,1,43,7,true,true,Answer|Article|Brand|BreadcrumbList|ContactPoint|FAQPage|ListItem|Organization|Person|Product|Question|Rating|Review|SearchAction|SoftwareApplication|WebSite,
https://review.mssmileenglish.com/webflow-ai/,54,134,1,43,7,true,true,Answer|Article|Brand|BreadcrumbList|ContactPoint|FAQPage|ListItem|Organization|Person|Product|Question|Rating|Review|SearchAction|SoftwareApplication|WebSite,
https://review.mssmileenglish.com/website-builder-alternatives/,67,170,1,55,16,true,true,Answer|BreadcrumbList|FAQPage|ItemList|ListItem|Question,
https://review.mssmileenglish.com/website-builder-software-review/,88,173,1,54,16,true,true,Answer|BreadcrumbList|FAQPage|ItemList|ListItem|Question,title_length_check|meta_description_length_check
https://review.mssmileenglish.com/windsurf-review/,102,158,1,49,16,true,true,Answer|Article|BreadcrumbList|FAQPage|ListItem|Organization|Person|Question,title_length_check
https://review.mssmileenglish.com/zapier/,50,130,1,46,12,true,true,Answer|Article|Brand|BreadcrumbList|ContactPoint|FAQPage|ListItem|Organization|Person|Product|Question|Rating|Review|SearchAction|SoftwareApplication|WebSite,
https://review.mssmileenglish.com/zapier-pricing/,78,161,1,47,11,true,true,Answer|BreadcrumbList|FAQPage|ItemList|ListItem|Question,title_length_check
