id,platform,post_title,post_body,target_url,status,scheduled_date,scheduled_time,approved_by_user,posted_at,notes,retry_count,next_retry_time,priority,content_style,topic,angle
social-seed-32-linkedin,LinkedIn,Copilot vs Codex,"Copilot writes faster. Codex cleans up better.

I started noticing this while working through real AI coding, SEO, and affiliate content workflows. The first draft from a tool is rarely the part that decides whether it is useful. The real test starts when the project gets messy: duplicated logic, weak context, confusing pricing, or a workflow that looks good in a demo but slows down during cleanup.

My experience note: I trust tools more when they reduce review time, not when they only generate output quickly. Fast output is helpful, but if the second hour becomes debugging generated mistakes, the tool is not really saving much time.

The problem I keep seeing is that people compare software by feature lists. That misses the practical question: what happens after the first fix fails?

- Autocomplete speed matters less than how the tool handles context after a failed fix.
- One tool can be better for writing while another is better for repair.
- The winner changes depending on bootstrap, debugging, refactor, or deploy work.

A few practical checks I now use before recommending any tool:
- Does it handle existing project context, or only clean demos?
- Does it make debugging easier after the first attempt fails?
- Is the pricing reasonable for a solo builder or small team?
- Does the workflow still feel stable when the project grows?

I wrote the fuller practical breakdown here. It is not a hype piece; it is a workflow-first note for builders who care about speed, cleanup cost, and realistic adoption.

https://review.mssmileenglish.com/best-ai-coding-tools-2026/?utm_source=linkedin

#AICoding #DeveloperTools #BuildInPublic",https://review.mssmileenglish.com/best-ai-coding-tools-2026/?utm_source=linkedin,Posted,2026-05-30,11:00,True,2026-05-18T21:22:55,Copy-ready seed. Review before posting manually.,0,,high,comparison,,
social-seed-31-xxtwitter,X/Twitter,Copilot vs Codex,"1/ Unpopular comparison: speed is not the same as lower cleanup cost.

2/ Copilot writes faster. Codex cleans up better.

3/ Autocomplete speed matters less than how the tool handles context after a failed fix. But I would still test it on a messy real task, not a clean demo.

4/ One tool can be better for writing while another is better for repair. This is where context, pricing, and team workflow start to matter.

5/ Full practical note: https://review.mssmileenglish.com/best-ai-coding-tools-2026/?utm_source=twitter #AICoding #Codex #Cursor #Windsurf",https://review.mssmileenglish.com/best-ai-coding-tools-2026/?utm_source=twitter,Pending Review,2026-05-30,13:30,False,,Copy-ready seed. Review before posting manually.,0,,high,comparison,,
social-seed-34-telegram,Telegram,Copilot vs Codex,"Copilot writes faster. Codex cleans up better.

Quick field note from building and reviewing AI/SaaS tools:

- Autocomplete speed matters less than how the tool handles context after a failed fix.
- One tool can be better for writing while another is better for repair.
- The winner changes depending on bootstrap, debugging, refactor, or deploy work.

The useful question is not which tool looks impressive in a demo. It is which one still helps when the repo, page structure, pricing decision, or workflow gets messy.

My current filter: use the tool that reduces cleanup time. If it only creates faster first drafts but leaves more review work, I treat it carefully.

Before posting or recommending a tool, I check the same things every time: does it help with the second fix, does it reduce context switching, and does the pricing still make sense after the trial period ends?

Read more:
https://review.mssmileenglish.com/best-ai-coding-tools-2026/?utm_source=telegram",https://review.mssmileenglish.com/best-ai-coding-tools-2026/?utm_source=telegram,Pending Review,2026-05-31,12:00,False,,Copy-ready seed. Review before posting manually.,0,,high,comparison,,
social-seed-33-facebook,Facebook,Copilot vs Codex,"Copilot writes faster. Codex cleans up better.

Minh cang dung AI tools de build site, sua loi, lam SEO content va chuan bi affiliate workflow thi cang thay mot dieu: demo dep chua du.

Cau hoi that su la khi project bat dau roi, tool do co giup minh xu ly nhanh hon khong, hay chi tao them viec phai don?

- Autocomplete speed matters less than how the tool handles context after a failed fix.
- One tool can be better for writing while another is better for repair.
- The winner changes depending on bootstrap, debugging, refactor, or deploy work.

Kinh nghiem cua minh la dung chi nhin tool nao tao nhanh hon trong 5 phut dau. Hay nhin vao phan sau do:
- sua bug co nhanh khong
- co hieu context project khong
- co tao logic lap lai khong
- pricing co hop voi cach minh dung hang ngay khong

Minh viet lai goc nhin thuc te o bai nay. Neu ban dang chon tool de build project, lam SEO hoac chuan bi he thong affiliate, bai nay se giup loc bot phan quang cao va nhin vao workflow that.

https://review.mssmileenglish.com/best-ai-coding-tools-2026/?utm_source=facebook

#AICoding #Cursor #Codex",https://review.mssmileenglish.com/best-ai-coding-tools-2026/?utm_source=facebook,Pending Review,2026-05-31,19:30,False,,Copy-ready seed. Review before posting manually.,0,,high,comparison,,
social-seed-36-linkedin,LinkedIn,Cursor vs Codex,"Cursor is fast inside a clean repo. Codex is better when the project is already broken.

I started noticing this while working through real AI coding, SEO, and affiliate content workflows. The first draft from a tool is rarely the part that decides whether it is useful. The real test starts when the project gets messy: duplicated logic, weak context, confusing pricing, or a workflow that looks good in a demo but slows down during cleanup.

My experience note: I trust tools more when they reduce review time, not when they only generate output quickly. Fast output is helpful, but if the second hour becomes debugging generated mistakes, the tool is not really saving much time.

The problem I keep seeing is that people compare software by feature lists. That misses the practical question: what happens after the first fix fails?

- Autocomplete speed matters less than how the tool handles context after a failed fix.
- One tool can be better for writing while another is better for repair.
- The winner changes depending on bootstrap, debugging, refactor, or deploy work.

A few practical checks I now use before recommending any tool:
- Does it handle existing project context, or only clean demos?
- Does it make debugging easier after the first attempt fails?
- Is the pricing reasonable for a solo builder or small team?
- Does the workflow still feel stable when the project grows?

I wrote the fuller practical breakdown here. It is not a hype piece; it is a workflow-first note for builders who care about speed, cleanup cost, and realistic adoption.

https://review.mssmileenglish.com/review/cursor/?utm_source=linkedin

#AICoding #DeveloperTools #BuildInPublic",https://review.mssmileenglish.com/review/cursor/?utm_source=linkedin,Pending Review,2026-06-01,14:30,False,,Copy-ready seed. Review before posting manually.,0,,high,comparison,,
social-seed-35-xxtwitter,X/Twitter,Cursor vs Codex,"1/ Unpopular comparison: speed is not the same as lower cleanup cost.

2/ Cursor is fast inside a clean repo. Codex is better when the project is already broken.

3/ Autocomplete speed matters less than how the tool handles context after a failed fix. But I would still test it on a messy real task, not a clean demo.

4/ One tool can be better for writing while another is better for repair. This is where context, pricing, and team workflow start to matter.

5/ Full practical note: https://review.mssmileenglish.com/review/cursor/?utm_source=twitter #AICoding #Codex #Cursor #Windsurf",https://review.mssmileenglish.com/review/cursor/?utm_source=twitter,Pending Review,2026-06-01,16:45,False,,Copy-ready seed. Review before posting manually.,0,,high,comparison,,
social-seed-38-telegram,Telegram,Cursor vs Codex,"Cursor is fast inside a clean repo. Codex is better when the project is already broken.

Quick field note from building and reviewing AI/SaaS tools:

- Autocomplete speed matters less than how the tool handles context after a failed fix.
- One tool can be better for writing while another is better for repair.
- The winner changes depending on bootstrap, debugging, refactor, or deploy work.

The useful question is not which tool looks impressive in a demo. It is which one still helps when the repo, page structure, pricing decision, or workflow gets messy.

My current filter: use the tool that reduces cleanup time. If it only creates faster first drafts but leaves more review work, I treat it carefully.

Read more:
https://review.mssmileenglish.com/review/cursor/?utm_source=telegram",https://review.mssmileenglish.com/review/cursor/?utm_source=telegram,Pending Review,2026-06-02,15:00,False,,Copy-ready seed. Review before posting manually.,0,,high,comparison,,
social-seed-37-facebook,Facebook,Cursor vs Codex,"Cursor is fast inside a clean repo. Codex is better when the project is already broken.

Minh cang dung AI tools de build site, sua loi, lam SEO content va chuan bi affiliate workflow thi cang thay mot dieu: demo dep chua du.

Cau hoi that su la khi project bat dau roi, tool do co giup minh xu ly nhanh hon khong, hay chi tao them viec phai don?

- Autocomplete speed matters less than how the tool handles context after a failed fix.
- One tool can be better for writing while another is better for repair.
- The winner changes depending on bootstrap, debugging, refactor, or deploy work.

Kinh nghiem cua minh la dung chi nhin tool nao tao nhanh hon trong 5 phut dau. Hay nhin vao phan sau do:
- sua bug co nhanh khong
- co hieu context project khong
- co tao logic lap lai khong
- pricing co hop voi cach minh dung hang ngay khong

Minh viet lai goc nhin thuc te o bai nay. Neu ban dang chon tool de build project, lam SEO hoac chuan bi he thong affiliate, bai nay se giup loc bot phan quang cao va nhin vao workflow that.

https://review.mssmileenglish.com/review/cursor/?utm_source=facebook

#AICoding #Cursor #Codex",https://review.mssmileenglish.com/review/cursor/?utm_source=facebook,Pending Review,2026-06-02,20:00,False,,Copy-ready seed. Review before posting manually.,0,,high,comparison,,
social-seed-44-linkedin,LinkedIn,When Codex fixes what Cursor breaks,"The second failed fix is the real AI coding benchmark.

I started noticing this while working through real AI coding, SEO, and affiliate content workflows. The first draft from a tool is rarely the part that decides whether it is useful. The real test starts when the project gets messy: duplicated logic, weak context, confusing pricing, or a workflow that looks good in a demo but slows down during cleanup.

My experience note: I trust tools more when they reduce review time, not when they only generate output quickly. Fast output is helpful, but if the second hour becomes debugging generated mistakes, the tool is not really saving much time.

The problem I keep seeing is that people compare software by feature lists. That misses the practical question: what happens after the first fix fails?

- The first generated fix looked plausible, but the build still failed.
- The second attempt exposed whether the tool understood the repo or just patched symptoms.
- The useful tool is the one that reduces cleanup, not the one that sounds most confident.

A few practical checks I now use before recommending any tool:
- Does it handle existing project context, or only clean demos?
- Does it make debugging easier after the first attempt fails?
- Is the pricing reasonable for a solo builder or small team?
- Does the workflow still feel stable when the project grows?

I wrote the fuller practical breakdown here. It is not a hype piece; it is a workflow-first note for builders who care about speed, cleanup cost, and realistic adoption.

https://review.mssmileenglish.com/review/cursor/?utm_source=linkedin

#AICoding #DeveloperTools #BuildInPublic",https://review.mssmileenglish.com/review/cursor/?utm_source=linkedin,Pending Review,2026-06-05,18:30,False,,Copy-ready seed. Review before posting manually.,0,,high,failure_case,,
social-seed-43-xxtwitter,X/Twitter,When Codex fixes what Cursor breaks,"1/ Practical review: judge the tool after the first mistake, not the first answer.

2/ The second failed fix is the real AI coding benchmark.

3/ The first generated fix looked plausible, but the build still failed. But I would still test it on a messy real task, not a clean demo.

4/ The second attempt exposed whether the tool understood the repo or just patched symptoms. This is where context, pricing, and team workflow start to matter.

5/ Full practical note: https://review.mssmileenglish.com/review/cursor/?utm_source=twitter #AICoding #Codex #Cursor #Windsurf",https://review.mssmileenglish.com/review/cursor/?utm_source=twitter,Pending Review,2026-06-05,21:00,False,,Copy-ready seed. Review before posting manually.,0,,high,failure_case,,
social-seed-46-telegram,Telegram,When Codex fixes what Cursor breaks,"The second failed fix is the real AI coding benchmark.

Quick field note from building and reviewing AI/SaaS tools:

- The first generated fix looked plausible, but the build still failed.
- The second attempt exposed whether the tool understood the repo or just patched symptoms.
- The useful tool is the one that reduces cleanup, not the one that sounds most confident.

The useful question is not which tool looks impressive in a demo. It is which one still helps when the repo, page structure, pricing decision, or workflow gets messy.

My current filter: use the tool that reduces cleanup time. If it only creates faster first drafts but leaves more review work, I treat it carefully.

Read more:
https://review.mssmileenglish.com/review/cursor/?utm_source=telegram",https://review.mssmileenglish.com/review/cursor/?utm_source=telegram,Pending Review,2026-06-06,20:00,False,,Copy-ready seed. Review before posting manually.,0,,high,failure_case,,
social-seed-45-facebook,Facebook,When Codex fixes what Cursor breaks,"The second failed fix is the real AI coding benchmark.

Minh cang dung AI tools de build site, sua loi, lam SEO content va chuan bi affiliate workflow thi cang thay mot dieu: demo dep chua du.

Cau hoi that su la khi project bat dau roi, tool do co giup minh xu ly nhanh hon khong, hay chi tao them viec phai don?

- The first generated fix looked plausible, but the build still failed.
- The second attempt exposed whether the tool understood the repo or just patched symptoms.
- The useful tool is the one that reduces cleanup, not the one that sounds most confident.

Kinh nghiem cua minh la dung chi nhin tool nao tao nhanh hon trong 5 phut dau. Hay nhin vao phan sau do:
- sua bug co nhanh khong
- co hieu context project khong
- co tao logic lap lai khong
- pricing co hop voi cach minh dung hang ngay khong

Minh viet lai goc nhin thuc te o bai nay. Neu ban dang chon tool de build project, lam SEO hoac chuan bi he thong affiliate, bai nay se giup loc bot phan quang cao va nhin vao workflow that.

https://review.mssmileenglish.com/review/cursor/?utm_source=facebook

#AICoding #Cursor #Codex",https://review.mssmileenglish.com/review/cursor/?utm_source=facebook,Pending Review,2026-06-06,21:00,False,,Copy-ready seed. Review before posting manually.,0,,high,failure_case,,
social-seed-56-linkedin,LinkedIn,Which AI survives the second failed fix?,"Most AI coding demos collapse when the repo gets messy.

I started noticing this while working through real AI coding, SEO, and affiliate content workflows. The first draft from a tool is rarely the part that decides whether it is useful. The real test starts when the project gets messy: duplicated logic, weak context, confusing pricing, or a workflow that looks good in a demo but slows down during cleanup.

My experience note: I trust tools more when they reduce review time, not when they only generate output quickly. Fast output is helpful, but if the second hour becomes debugging generated mistakes, the tool is not really saving much time.

The problem I keep seeing is that people compare software by feature lists. That misses the practical question: what happens after the first fix fails?

- The first generated fix looked plausible, but the build still failed.
- The second attempt exposed whether the tool understood the repo or just patched symptoms.
- The useful tool is the one that reduces cleanup, not the one that sounds most confident.

A few practical checks I now use before recommending any tool:
- Does it handle existing project context, or only clean demos?
- Does it make debugging easier after the first attempt fails?
- Is the pricing reasonable for a solo builder or small team?
- Does the workflow still feel stable when the project grows?

I wrote the fuller practical breakdown here. It is not a hype piece; it is a workflow-first note for builders who care about speed, cleanup cost, and realistic adoption.

https://review.mssmileenglish.com/comparisons/cursor-vs-copilot/?utm_source=linkedin

#AICoding #DeveloperTools #BuildInPublic",https://review.mssmileenglish.com/comparisons/cursor-vs-copilot/?utm_source=linkedin,Pending Review,2026-06-11,14:30,False,,Copy-ready seed. Review before posting manually.,0,,high,failure_case,,
social-seed-55-xxtwitter,X/Twitter,Which AI survives the second failed fix?,"1/ Practical review: judge the tool after the first mistake, not the first answer.

2/ Most AI coding demos collapse when the repo gets messy.

3/ The first generated fix looked plausible, but the build still failed. But I would still test it on a messy real task, not a clean demo.

4/ The second attempt exposed whether the tool understood the repo or just patched symptoms. This is where context, pricing, and team workflow start to matter.

5/ Full practical note: https://review.mssmileenglish.com/comparisons/cursor-vs-copilot/?utm_source=twitter #AICoding #Codex #Cursor #Windsurf",https://review.mssmileenglish.com/comparisons/cursor-vs-copilot/?utm_source=twitter,Pending Review,2026-06-11,16:45,False,,Copy-ready seed. Review before posting manually.,0,,high,failure_case,,
social-seed-58-telegram,Telegram,Which AI survives the second failed fix?,"Most AI coding demos collapse when the repo gets messy.

Quick field note from building and reviewing AI/SaaS tools:

- The first generated fix looked plausible, but the build still failed.
- The second attempt exposed whether the tool understood the repo or just patched symptoms.
- The useful tool is the one that reduces cleanup, not the one that sounds most confident.

The useful question is not which tool looks impressive in a demo. It is which one still helps when the repo, page structure, pricing decision, or workflow gets messy.

My current filter: use the tool that reduces cleanup time. If it only creates faster first drafts but leaves more review work, I treat it carefully.

Read more:
https://review.mssmileenglish.com/comparisons/cursor-vs-copilot/?utm_source=telegram",https://review.mssmileenglish.com/comparisons/cursor-vs-copilot/?utm_source=telegram,Pending Review,2026-06-12,15:00,False,,Copy-ready seed. Review before posting manually.,0,,high,failure_case,,
social-seed-57-facebook,Facebook,Which AI survives the second failed fix?,"Most AI coding demos collapse when the repo gets messy.

Minh cang dung AI tools de build site, sua loi, lam SEO content va chuan bi affiliate workflow thi cang thay mot dieu: demo dep chua du.

Cau hoi that su la khi project bat dau roi, tool do co giup minh xu ly nhanh hon khong, hay chi tao them viec phai don?

- The first generated fix looked plausible, but the build still failed.
- The second attempt exposed whether the tool understood the repo or just patched symptoms.
- The useful tool is the one that reduces cleanup, not the one that sounds most confident.

Kinh nghiem cua minh la dung chi nhin tool nao tao nhanh hon trong 5 phut dau. Hay nhin vao phan sau do:
- sua bug co nhanh khong
- co hieu context project khong
- co tao logic lap lai khong
- pricing co hop voi cach minh dung hang ngay khong

Minh viet lai goc nhin thuc te o bai nay. Neu ban dang chon tool de build project, lam SEO hoac chuan bi he thong affiliate, bai nay se giup loc bot phan quang cao va nhin vao workflow that.

https://review.mssmileenglish.com/comparisons/cursor-vs-copilot/?utm_source=facebook

#AICoding #Cursor #Codex",https://review.mssmileenglish.com/comparisons/cursor-vs-copilot/?utm_source=facebook,Pending Review,2026-06-12,20:00,False,,Copy-ready seed. Review before posting manually.,0,,high,failure_case,,
social-seed-21-telegram,Telegram,Cursor vs Copilot,"Takeaway nhanh: Cursor hợp debugging có context, Copilot hợp autocomplete nhẹ.

Quick field note from building and reviewing AI/SaaS tools:

- Nếu project lớn, đừng chỉ xem demo.
- Test bằng bug thật.
- CTA đi về bài review, không affiliate trực tiếp.

The useful question is not which tool looks impressive in a demo. It is which one still helps when the repo, page structure, pricing decision, or workflow gets messy.

My current filter: use the tool that reduces cleanup time. If it only creates faster first drafts but leaves more review work, I treat it carefully.

Before posting or recommending a tool, I check the same things every time: does it help with the second fix, does it reduce context switching, and does the pricing still make sense after the trial period ends?

Read more:
https://review.mssmileenglish.com/comparisons/cursor-vs-copilot/?utm_source=telegram

#AICoding #Cursor #Copilot",https://review.mssmileenglish.com/comparisons/cursor-vs-copilot/?utm_source=telegram,Approved,2026-05-24,09:00,True,,Copy-ready seed. Review before posting manually.,0,,medium,comparison,,
social-seed-01-linkedin,LinkedIn,Cursor vs Copilot: debugging speed,"I stopped comparing Cursor and Copilot as autocomplete tools.

I started noticing this while working through real AI coding, SEO, and affiliate content workflows. The first draft from a tool is rarely the part that decides whether it is useful. The real test starts when the project gets messy: duplicated logic, weak context, confusing pricing, or a workflow that looks good in a demo but slows down during cleanup.

My experience note: I trust tools more when they reduce review time, not when they only generate output quickly. Fast output is helpful, but if the second hour becomes debugging generated mistakes, the tool is not really saving much time.

The problem I keep seeing is that people compare software by feature lists. That misses the practical question: what happens after the first fix fails?

- Cursor is stronger when I need repo-level editing context.
- Copilot is still useful for lightweight suggestions inside an existing workflow.
- The deciding factor is how each tool behaves after the first fix fails.

A few practical checks I now use before recommending any tool:
- Does it handle existing project context, or only clean demos?
- Does it make debugging easier after the first attempt fails?
- Is the pricing reasonable for a solo builder or small team?
- Does the workflow still feel stable when the project grows?

I wrote the fuller practical breakdown here. It is not a hype piece; it is a workflow-first note for builders who care about speed, cleanup cost, and realistic adoption.

https://review.mssmileenglish.com/comparisons/cursor-vs-copilot/?utm_source=linkedin

#AICoding #Cursor #GitHubCopilot",https://review.mssmileenglish.com/comparisons/cursor-vs-copilot/?utm_source=linkedin,Posted,2026-05-14,09:00,True,2026-05-14T19:40:32,Copy-ready seed. Review before posting manually.,0,,medium,comparison,,
social-seed-02-linkedin,LinkedIn,Windsurf vs Copilot workflow note,"Windsurf and Copilot solve different parts of the coding workflow.

I started noticing this while working through real AI coding, SEO, and affiliate content workflows. The first draft from a tool is rarely the part that decides whether it is useful. The real test starts when the project gets messy: duplicated logic, weak context, confusing pricing, or a workflow that looks good in a demo but slows down during cleanup.

My experience note: I trust tools more when they reduce review time, not when they only generate output quickly. Fast output is helpful, but if the second hour becomes debugging generated mistakes, the tool is not really saving much time.

The problem I keep seeing is that people compare software by feature lists. That misses the practical question: what happens after the first fix fails?

- Windsurf feels faster for scaffolding rough structure.
- Copilot is easier to adopt in conservative engineering teams.
- Neither should own a large refactor without review.

A few practical checks I now use before recommending any tool:
- Does it handle existing project context, or only clean demos?
- Does it make debugging easier after the first attempt fails?
- Is the pricing reasonable for a solo builder or small team?
- Does the workflow still feel stable when the project grows?

I wrote the fuller practical breakdown here. It is not a hype piece; it is a workflow-first note for builders who care about speed, cleanup cost, and realistic adoption.

https://review.mssmileenglish.com/comparisons/windsurf-vs-copilot/?utm_source=linkedin

#AIDevTools #Windsurf #Copilot",https://review.mssmileenglish.com/comparisons/windsurf-vs-copilot/?utm_source=linkedin,Pending Review,2026-05-14,10:00,False,,Copy-ready seed. Review before posting manually.,0,,medium,comparison,,
social-seed-03-linkedin,LinkedIn,Best AI SEO tools for practical teams,"AI SEO tools are useful only if the team still checks the SERP manually.

I started noticing this while working through real AI coding, SEO, and affiliate content workflows. The first draft from a tool is rarely the part that decides whether it is useful. The real test starts when the project gets messy: duplicated logic, weak context, confusing pricing, or a workflow that looks good in a demo but slows down during cleanup.

My experience note: I trust tools more when they reduce review time, not when they only generate output quickly. Fast output is helpful, but if the second hour becomes debugging generated mistakes, the tool is not really saving much time.

The problem I keep seeing is that people compare software by feature lists. That misses the practical question: what happens after the first fix fails?

- Good tools speed up briefs and content audits.
- Bad workflows publish unchecked AI recommendations.
- The best setup combines software with editorial judgment.

A few practical checks I now use before recommending any tool:
- Does it handle existing project context, or only clean demos?
- Does it make debugging easier after the first attempt fails?
- Is the pricing reasonable for a solo builder or small team?
- Does the workflow still feel stable when the project grows?

I wrote the fuller practical breakdown here. It is not a hype piece; it is a workflow-first note for builders who care about speed, cleanup cost, and realistic adoption.

https://review.mssmileenglish.com/best-ai-seo-tools-2026/?utm_source=linkedin

#SEO #AITools #ContentStrategy",https://review.mssmileenglish.com/best-ai-seo-tools-2026/?utm_source=linkedin,Pending Review,2026-05-15,09:30,False,,Copy-ready seed. Review before posting manually.,0,,medium,builder_note,,
social-seed-04-linkedin,LinkedIn,AI writing tools need editors,"The biggest risk with AI writing tools is not quality. It is sameness.

I started noticing this while working through real AI coding, SEO, and affiliate content workflows. The first draft from a tool is rarely the part that decides whether it is useful. The real test starts when the project gets messy: duplicated logic, weak context, confusing pricing, or a workflow that looks good in a demo but slows down during cleanup.

My experience note: I trust tools more when they reduce review time, not when they only generate output quickly. Fast output is helpful, but if the second hour becomes debugging generated mistakes, the tool is not really saving much time.

The problem I keep seeing is that people compare software by feature lists. That misses the practical question: what happens after the first fix fails?

- Use AI for outlines, repurposing, and consistency.
- Keep human review for claims, examples, and positioning.
- Avoid publishing generic drafts just because they are fast.

A few practical checks I now use before recommending any tool:
- Does it handle existing project context, or only clean demos?
- Does it make debugging easier after the first attempt fails?
- Is the pricing reasonable for a solo builder or small team?
- Does the workflow still feel stable when the project grows?

I wrote the fuller practical breakdown here. It is not a hype piece; it is a workflow-first note for builders who care about speed, cleanup cost, and realistic adoption.

https://review.mssmileenglish.com/best-ai-writing-tools-2026/?utm_source=linkedin

#AIWriting #ContentMarketing #SaaS",https://review.mssmileenglish.com/best-ai-writing-tools-2026/?utm_source=linkedin,Pending Review,2026-05-15,10:30,False,,Copy-ready seed. Review before posting manually.,0,,medium,hot_take,,
social-seed-05-linkedin,LinkedIn,AI automation tools and failure states,"Automation only saves time when failure states are visible.

I started noticing this while working through real AI coding, SEO, and affiliate content workflows. The first draft from a tool is rarely the part that decides whether it is useful. The real test starts when the project gets messy: duplicated logic, weak context, confusing pricing, or a workflow that looks good in a demo but slows down during cleanup.

My experience note: I trust tools more when they reduce review time, not when they only generate output quickly. Fast output is helpful, but if the second hour becomes debugging generated mistakes, the tool is not really saving much time.

The problem I keep seeing is that people compare software by feature lists. That misses the practical question: what happens after the first fix fails?

- Make and Zapier are powerful, but silent errors are expensive.
- Teams should document handoffs and fallback checks.
- Start with one workflow before automating everything.

A few practical checks I now use before recommending any tool:
- Does it handle existing project context, or only clean demos?
- Does it make debugging easier after the first attempt fails?
- Is the pricing reasonable for a solo builder or small team?
- Does the workflow still feel stable when the project grows?

I wrote the fuller practical breakdown here. It is not a hype piece; it is a workflow-first note for builders who care about speed, cleanup cost, and realistic adoption.

https://review.mssmileenglish.com/best-ai-automation-tools-2026/?utm_source=linkedin

#Automation #NoCode #Operations",https://review.mssmileenglish.com/best-ai-automation-tools-2026/?utm_source=linkedin,Pending Review,2026-05-16,09:00,False,,Copy-ready seed. Review before posting manually.,0,,medium,workflow_tip,,
social-seed-06-linkedin,LinkedIn,AI video tools for realistic workflows,"AI video tools are not one category anymore.

I started noticing this while working through real AI coding, SEO, and affiliate content workflows. The first draft from a tool is rarely the part that decides whether it is useful. The real test starts when the project gets messy: duplicated logic, weak context, confusing pricing, or a workflow that looks good in a demo but slows down during cleanup.

My experience note: I trust tools more when they reduce review time, not when they only generate output quickly. Fast output is helpful, but if the second hour becomes debugging generated mistakes, the tool is not really saving much time.

The problem I keep seeing is that people compare software by feature lists. That misses the practical question: what happens after the first fix fails?

- Avatar explainers, editing, creative generation, and social clips need different tools.
- Pricing and export limits matter more than demo quality.
- Teams should test one real campaign before committing.

A few practical checks I now use before recommending any tool:
- Does it handle existing project context, or only clean demos?
- Does it make debugging easier after the first attempt fails?
- Is the pricing reasonable for a solo builder or small team?
- Does the workflow still feel stable when the project grows?

I wrote the fuller practical breakdown here. It is not a hype piece; it is a workflow-first note for builders who care about speed, cleanup cost, and realistic adoption.

https://review.mssmileenglish.com/best-ai-video-tools-2026/?utm_source=linkedin

#AIVideo #MarketingTools #CreatorTools",https://review.mssmileenglish.com/best-ai-video-tools-2026/?utm_source=linkedin,Pending Review,2026-05-16,11:00,False,,Copy-ready seed. Review before posting manually.,0,,medium,workflow_tip,,
social-seed-07-linkedin,LinkedIn,Canva vs Adobe Express,"Canva vs Adobe Express is really a workflow decision.

I started noticing this while working through real AI coding, SEO, and affiliate content workflows. The first draft from a tool is rarely the part that decides whether it is useful. The real test starts when the project gets messy: duplicated logic, weak context, confusing pricing, or a workflow that looks good in a demo but slows down during cleanup.

My experience note: I trust tools more when they reduce review time, not when they only generate output quickly. Fast output is helpful, but if the second hour becomes debugging generated mistakes, the tool is not really saving much time.

The problem I keep seeing is that people compare software by feature lists. That misses the practical question: what happens after the first fix fails?

- Canva is often quicker for marketing teams.
- Adobe Express makes more sense inside an Adobe-heavy stack.
- The best choice depends on templates, collaboration, and brand control.

A few practical checks I now use before recommending any tool:
- Does it handle existing project context, or only clean demos?
- Does it make debugging easier after the first attempt fails?
- Is the pricing reasonable for a solo builder or small team?
- Does the workflow still feel stable when the project grows?

I wrote the fuller practical breakdown here. It is not a hype piece; it is a workflow-first note for builders who care about speed, cleanup cost, and realistic adoption.

https://review.mssmileenglish.com/comparisons/canva-vs-adobe-express/?utm_source=linkedin

#DesignTools #Canva #AdobeExpress",https://review.mssmileenglish.com/comparisons/canva-vs-adobe-express/?utm_source=linkedin,Pending Review,2026-05-17,14:00,False,,Copy-ready seed. Review before posting manually.,0,,medium,comparison,,
social-seed-08-linkedin,LinkedIn,Cursor review for builders,"Cursor becomes much more valuable after the repo has structure.

I started noticing this while working through real AI coding, SEO, and affiliate content workflows. The first draft from a tool is rarely the part that decides whether it is useful. The real test starts when the project gets messy: duplicated logic, weak context, confusing pricing, or a workflow that looks good in a demo but slows down during cleanup.

My experience note: I trust tools more when they reduce review time, not when they only generate output quickly. Fast output is helpful, but if the second hour becomes debugging generated mistakes, the tool is not really saving much time.

The problem I keep seeing is that people compare software by feature lists. That misses the practical question: what happens after the first fix fails?

- It helps me move faster during small refactors.
- It still needs careful review on architecture changes.
- The best use case is iteration, debugging, and cleanup.

A few practical checks I now use before recommending any tool:
- Does it handle existing project context, or only clean demos?
- Does it make debugging easier after the first attempt fails?
- Is the pricing reasonable for a solo builder or small team?
- Does the workflow still feel stable when the project grows?

I wrote the fuller practical breakdown here. It is not a hype piece; it is a workflow-first note for builders who care about speed, cleanup cost, and realistic adoption.

https://review.mssmileenglish.com/review/cursor/?utm_source=linkedin

#CursorAI #AICoding #DeveloperTools",https://review.mssmileenglish.com/review/cursor/?utm_source=linkedin,Pending Review,2026-05-17,15:00,False,,Copy-ready seed. Review before posting manually.,0,,medium,practical_review,,
social-seed-09-linkedin,LinkedIn,Semrush review angle,"SEO tools do not replace strategy. They expose questions faster.

I started noticing this while working through real AI coding, SEO, and affiliate content workflows. The first draft from a tool is rarely the part that decides whether it is useful. The real test starts when the project gets messy: duplicated logic, weak context, confusing pricing, or a workflow that looks good in a demo but slows down during cleanup.

My experience note: I trust tools more when they reduce review time, not when they only generate output quickly. Fast output is helpful, but if the second hour becomes debugging generated mistakes, the tool is not really saving much time.

The problem I keep seeing is that people compare software by feature lists. That misses the practical question: what happens after the first fix fails?

- Semrush is strongest when used for research and validation.
- Do not treat volume estimates as exact truth.
- Use it to prioritize, then verify manually.

A few practical checks I now use before recommending any tool:
- Does it handle existing project context, or only clean demos?
- Does it make debugging easier after the first attempt fails?
- Is the pricing reasonable for a solo builder or small team?
- Does the workflow still feel stable when the project grows?

I wrote the fuller practical breakdown here. It is not a hype piece; it is a workflow-first note for builders who care about speed, cleanup cost, and realistic adoption.

https://review.mssmileenglish.com/review/semrush/?utm_source=linkedin

#Semrush #SEOResearch #AffiliateSEO",https://review.mssmileenglish.com/review/semrush/?utm_source=linkedin,Pending Review,2026-05-18,09:00,False,,Copy-ready seed. Review before posting manually.,0,,medium,practical_review,,
social-seed-10-linkedin,LinkedIn,Make review note,"Make is powerful when the workflow is mapped before automation starts.

I started noticing this while working through real AI coding, SEO, and affiliate content workflows. The first draft from a tool is rarely the part that decides whether it is useful. The real test starts when the project gets messy: duplicated logic, weak context, confusing pricing, or a workflow that looks good in a demo but slows down during cleanup.

My experience note: I trust tools more when they reduce review time, not when they only generate output quickly. Fast output is helpful, but if the second hour becomes debugging generated mistakes, the tool is not really saving much time.

The problem I keep seeing is that people compare software by feature lists. That misses the practical question: what happens after the first fix fails?

- Visual automation helps teams see logic clearly.
- Complex scenarios can become hard to maintain.
- Start small and document every error path.

A few practical checks I now use before recommending any tool:
- Does it handle existing project context, or only clean demos?
- Does it make debugging easier after the first attempt fails?
- Is the pricing reasonable for a solo builder or small team?
- Does the workflow still feel stable when the project grows?

I wrote the fuller practical breakdown here. It is not a hype piece; it is a workflow-first note for builders who care about speed, cleanup cost, and realistic adoption.

https://review.mssmileenglish.com/review/make/?utm_source=linkedin

#Make #Automation #NoCode",https://review.mssmileenglish.com/review/make/?utm_source=linkedin,Pending Review,2026-05-18,10:00,False,,Copy-ready seed. Review before posting manually.,0,,medium,workflow_tip,,
social-seed-11-facebook,Facebook,Cursor hay Copilot?,"Mình thấy Cursor và Copilot không nên so theo kiểu công cụ nào thông minh hơn.

Minh cang dung AI tools de build site, sua loi, lam SEO content va chuan bi affiliate workflow thi cang thay mot dieu: demo dep chua du.

Cau hoi that su la khi project bat dau roi, tool do co giup minh xu ly nhanh hon khong, hay chi tao them viec phai don?

- Cursor hợp hơn khi cần sửa trong repo có context.
- Copilot hợp khi muốn autocomplete nhẹ nhàng.
- Nếu project đang rối, phải test bằng lỗi thật chứ không xem demo.

Kinh nghiem cua minh la dung chi nhin tool nao tao nhanh hon trong 5 phut dau. Hay nhin vao phan sau do:
- sua bug co nhanh khong
- co hieu context project khong
- co tao logic lap lai khong
- pricing co hop voi cach minh dung hang ngay khong

Minh viet lai goc nhin thuc te o bai nay. Neu ban dang chon tool de build project, lam SEO hoac chuan bi he thong affiliate, bai nay se giup loc bot phan quang cao va nhin vao workflow that.

https://review.mssmileenglish.com/comparisons/cursor-vs-copilot/?utm_source=facebook

#Cursor #Copilot #AICoding",https://review.mssmileenglish.com/comparisons/cursor-vs-copilot/?utm_source=facebook,Pending Review,2026-05-19,20:00,False,,Copy-ready seed. Review before posting manually.,0,,medium,comparison,,
social-seed-12-facebook,Facebook,Windsurf vs Copilot thực tế,"Nếu bắt đầu project từ con số 0, Windsurf tạo khung rất nhanh.

Minh cang dung AI tools de build site, sua loi, lam SEO content va chuan bi affiliate workflow thi cang thay mot dieu: demo dep chua du.

Cau hoi that su la khi project bat dau roi, tool do co giup minh xu ly nhanh hon khong, hay chi tao them viec phai don?

- Nhưng refactor lớn vẫn cần kiểm kỹ.
- Copilot dễ dùng hơn cho team đang quen IDE cũ.
- Mình sẽ không để tool nào tự sửa production mà không review.

Kinh nghiem cua minh la dung chi nhin tool nao tao nhanh hon trong 5 phut dau. Hay nhin vao phan sau do:
- sua bug co nhanh khong
- co hieu context project khong
- co tao logic lap lai khong
- pricing co hop voi cach minh dung hang ngay khong

Minh viet lai goc nhin thuc te o bai nay. Neu ban dang chon tool de build project, lam SEO hoac chuan bi he thong affiliate, bai nay se giup loc bot phan quang cao va nhin vao workflow that.

https://review.mssmileenglish.com/comparisons/windsurf-vs-copilot/?utm_source=facebook

#Windsurf #Copilot #AITools",https://review.mssmileenglish.com/comparisons/windsurf-vs-copilot/?utm_source=facebook,Pending Review,2026-05-19,20:30,False,,Copy-ready seed. Review before posting manually.,0,,medium,comparison,,
social-seed-13-facebook,Facebook,AI SEO tools 2026,"Dùng AI SEO tool mà không kiểm SERP thủ công rất dễ đi sai hướng.

Minh cang dung AI tools de build site, sua loi, lam SEO content va chuan bi affiliate workflow thi cang thay mot dieu: demo dep chua du.

Cau hoi that su la khi project bat dau roi, tool do co giup minh xu ly nhanh hon khong, hay chi tao them viec phai don?

- Tool tốt giúp tiết kiệm thời gian research.
- Nhưng insight vẫn phải kiểm chứng.
- Bài này gom các lựa chọn đáng xem trước khi mua.

Kinh nghiem cua minh la dung chi nhin tool nao tao nhanh hon trong 5 phut dau. Hay nhin vao phan sau do:
- sua bug co nhanh khong
- co hieu context project khong
- co tao logic lap lai khong
- pricing co hop voi cach minh dung hang ngay khong

Minh viet lai goc nhin thuc te o bai nay. Neu ban dang chon tool de build project, lam SEO hoac chuan bi he thong affiliate, bai nay se giup loc bot phan quang cao va nhin vao workflow that.

https://review.mssmileenglish.com/best-ai-seo-tools-2026/?utm_source=facebook

#SEO #AITools #Affiliate",https://review.mssmileenglish.com/best-ai-seo-tools-2026/?utm_source=facebook,Pending Review,2026-05-20,19:30,False,,Copy-ready seed. Review before posting manually.,0,,medium,builder_note,,
social-seed-14-facebook,Facebook,AI writing tools,"AI viết nhanh, nhưng nhanh quá cũng dễ thành nội dung na ná nhau.

Minh cang dung AI tools de build site, sua loi, lam SEO content va chuan bi affiliate workflow thi cang thay mot dieu: demo dep chua du.

Cau hoi that su la khi project bat dau roi, tool do co giup minh xu ly nhanh hon khong, hay chi tao them viec phai don?

- Nên dùng AI để lên outline và repurpose.
- Nội dung bán hàng vẫn cần góc nhìn thật.
- Đừng publish bản nháp nếu chưa biên tập.

Kinh nghiem cua minh la dung chi nhin tool nao tao nhanh hon trong 5 phut dau. Hay nhin vao phan sau do:
- sua bug co nhanh khong
- co hieu context project khong
- co tao logic lap lai khong
- pricing co hop voi cach minh dung hang ngay khong

Minh viet lai goc nhin thuc te o bai nay. Neu ban dang chon tool de build project, lam SEO hoac chuan bi he thong affiliate, bai nay se giup loc bot phan quang cao va nhin vao workflow that.

https://review.mssmileenglish.com/best-ai-writing-tools-2026/?utm_source=facebook

#AIWriting #ContentCreator #SaaS",https://review.mssmileenglish.com/best-ai-writing-tools-2026/?utm_source=facebook,Pending Review,2026-05-20,20:00,False,,Copy-ready seed. Review before posting manually.,0,,medium,builder_note,,
social-seed-15-facebook,Facebook,AI automation tools,"Automation không phải cứ nối app là xong.

Minh cang dung AI tools de build site, sua loi, lam SEO content va chuan bi affiliate workflow thi cang thay mot dieu: demo dep chua du.

Cau hoi that su la khi project bat dau roi, tool do co giup minh xu ly nhanh hon khong, hay chi tao them viec phai don?

- Quan trọng nhất là biết lỗi xảy ra ở đâu.
- Make/Zapier đều mạnh, nhưng cần workflow rõ.
- Bắt đầu bằng một quy trình nhỏ trước.

Kinh nghiem cua minh la dung chi nhin tool nao tao nhanh hon trong 5 phut dau. Hay nhin vao phan sau do:
- sua bug co nhanh khong
- co hieu context project khong
- co tao logic lap lai khong
- pricing co hop voi cach minh dung hang ngay khong

Minh viet lai goc nhin thuc te o bai nay. Neu ban dang chon tool de build project, lam SEO hoac chuan bi he thong affiliate, bai nay se giup loc bot phan quang cao va nhin vao workflow that.

https://review.mssmileenglish.com/best-ai-automation-tools-2026/?utm_source=facebook

#Automation #Make #Zapier",https://review.mssmileenglish.com/best-ai-automation-tools-2026/?utm_source=facebook,Pending Review,2026-05-21,19:00,False,,Copy-ready seed. Review before posting manually.,0,,medium,workflow_tip,,
social-seed-16-facebook,Facebook,AI video tools,"AI video tool mỗi loại mạnh một kiểu.

Minh cang dung AI tools de build site, sua loi, lam SEO content va chuan bi affiliate workflow thi cang thay mot dieu: demo dep chua du.

Cau hoi that su la khi project bat dau roi, tool do co giup minh xu ly nhanh hon khong, hay chi tao them viec phai don?

- Có tool làm avatar tốt.
- Có tool edit nhanh hơn.
- Có tool hợp social clip hơn là video dài.

Kinh nghiem cua minh la dung chi nhin tool nao tao nhanh hon trong 5 phut dau. Hay nhin vao phan sau do:
- sua bug co nhanh khong
- co hieu context project khong
- co tao logic lap lai khong
- pricing co hop voi cach minh dung hang ngay khong

Minh viet lai goc nhin thuc te o bai nay. Neu ban dang chon tool de build project, lam SEO hoac chuan bi he thong affiliate, bai nay se giup loc bot phan quang cao va nhin vao workflow that.

https://review.mssmileenglish.com/best-ai-video-tools-2026/?utm_source=facebook

#AIVideo #Marketing #Creator",https://review.mssmileenglish.com/best-ai-video-tools-2026/?utm_source=facebook,Pending Review,2026-05-21,20:30,False,,Copy-ready seed. Review before posting manually.,0,,medium,builder_note,,
social-seed-17-facebook,Facebook,Canva vs Adobe Express,"Canva và Adobe Express khác nhau ở workflow nhiều hơn là tính năng.

Minh cang dung AI tools de build site, sua loi, lam SEO content va chuan bi affiliate workflow thi cang thay mot dieu: demo dep chua du.

Cau hoi that su la khi project bat dau roi, tool do co giup minh xu ly nhanh hon khong, hay chi tao them viec phai don?

- Canva nhanh và dễ cho team marketing.
- Adobe Express hợp nếu bạn đã dùng hệ Adobe.
- Nên test bằng asset thật của team.

Kinh nghiem cua minh la dung chi nhin tool nao tao nhanh hon trong 5 phut dau. Hay nhin vao phan sau do:
- sua bug co nhanh khong
- co hieu context project khong
- co tao logic lap lai khong
- pricing co hop voi cach minh dung hang ngay khong

Minh viet lai goc nhin thuc te o bai nay. Neu ban dang chon tool de build project, lam SEO hoac chuan bi he thong affiliate, bai nay se giup loc bot phan quang cao va nhin vao workflow that.

https://review.mssmileenglish.com/comparisons/canva-vs-adobe-express/?utm_source=facebook

#Canva #AdobeExpress #Design",https://review.mssmileenglish.com/comparisons/canva-vs-adobe-express/?utm_source=facebook,Pending Review,2026-05-22,19:30,False,,Copy-ready seed. Review before posting manually.,0,,medium,comparison,,
social-seed-18-facebook,Facebook,Cursor review,"Cursor mạnh nhất khi project đã có cấu trúc tương đối sạch.

Minh cang dung AI tools de build site, sua loi, lam SEO content va chuan bi affiliate workflow thi cang thay mot dieu: demo dep chua du.

Cau hoi that su la khi project bat dau roi, tool do co giup minh xu ly nhanh hon khong, hay chi tao them viec phai don?

- Sửa nhanh, iterate nhanh.
- Nhưng refactor lớn vẫn phải chia nhỏ.
- Đừng kỳ vọng một prompt sửa hết mọi thứ.

Kinh nghiem cua minh la dung chi nhin tool nao tao nhanh hon trong 5 phut dau. Hay nhin vao phan sau do:
- sua bug co nhanh khong
- co hieu context project khong
- co tao logic lap lai khong
- pricing co hop voi cach minh dung hang ngay khong

Minh viet lai goc nhin thuc te o bai nay. Neu ban dang chon tool de build project, lam SEO hoac chuan bi he thong affiliate, bai nay se giup loc bot phan quang cao va nhin vao workflow that.

https://review.mssmileenglish.com/review/cursor/?utm_source=facebook

#CursorAI #Developer #AICoding",https://review.mssmileenglish.com/review/cursor/?utm_source=facebook,Pending Review,2026-05-22,20:00,False,,Copy-ready seed. Review before posting manually.,0,,medium,practical_review,,
social-seed-19-facebook,Facebook,Zapier review,"Zapier dễ bắt đầu hơn nhiều automation tool khác.

Minh cang dung AI tools de build site, sua loi, lam SEO content va chuan bi affiliate workflow thi cang thay mot dieu: demo dep chua du.

Cau hoi that su la khi project bat dau roi, tool do co giup minh xu ly nhanh hon khong, hay chi tao them viec phai don?

- Phù hợp quy trình đơn giản.
- Chi phí có thể tăng khi workflow nhiều bước.
- Nên kiểm limit trước khi scale.

Kinh nghiem cua minh la dung chi nhin tool nao tao nhanh hon trong 5 phut dau. Hay nhin vao phan sau do:
- sua bug co nhanh khong
- co hieu context project khong
- co tao logic lap lai khong
- pricing co hop voi cach minh dung hang ngay khong

Minh viet lai goc nhin thuc te o bai nay. Neu ban dang chon tool de build project, lam SEO hoac chuan bi he thong affiliate, bai nay se giup loc bot phan quang cao va nhin vao workflow that.

https://review.mssmileenglish.com/review/zapier/?utm_source=facebook

#Zapier #Automation #NoCode",https://review.mssmileenglish.com/review/zapier/?utm_source=facebook,Pending Review,2026-05-23,19:00,False,,Copy-ready seed. Review before posting manually.,0,,medium,workflow_tip,,
social-seed-20-facebook,Facebook,ElevenLabs review,"AI voice nghe demo thì rất hay, nhưng dùng thật cần kiểm nhiều thứ hơn.

Minh cang dung AI tools de build site, sua loi, lam SEO content va chuan bi affiliate workflow thi cang thay mot dieu: demo dep chua du.

Cau hoi that su la khi project bat dau roi, tool do co giup minh xu ly nhanh hon khong, hay chi tao them viec phai don?

- Voice quality chỉ là một phần.
- Licensing và use case phải rõ.
- Test bằng script thật trước khi mua.

Kinh nghiem cua minh la dung chi nhin tool nao tao nhanh hon trong 5 phut dau. Hay nhin vao phan sau do:
- sua bug co nhanh khong
- co hieu context project khong
- co tao logic lap lai khong
- pricing co hop voi cach minh dung hang ngay khong

Minh viet lai goc nhin thuc te o bai nay. Neu ban dang chon tool de build project, lam SEO hoac chuan bi he thong affiliate, bai nay se giup loc bot phan quang cao va nhin vao workflow that.

https://review.mssmileenglish.com/review/elevenlabs/?utm_source=facebook

#ElevenLabs #AIVoice #CreatorTools",https://review.mssmileenglish.com/review/elevenlabs/?utm_source=facebook,Pending Review,2026-05-23,20:30,False,,Copy-ready seed. Review before posting manually.,0,,medium,practical_review,,
social-seed-22-telegram,Telegram,AI SEO tools,"AI SEO tool tốt giúp research nhanh hơn, không thay thế judgment.

Quick field note from building and reviewing AI/SaaS tools:

- Check SERP thật.
- So sánh workflow.
- Đừng mua chỉ vì demo đẹp.

The useful question is not which tool looks impressive in a demo. It is which one still helps when the repo, page structure, pricing decision, or workflow gets messy.

My current filter: use the tool that reduces cleanup time. If it only creates faster first drafts but leaves more review work, I treat it carefully.

Before posting or recommending a tool, I check the same things every time: does it help with the second fix, does it reduce context switching, and does the pricing still make sense after the trial period ends?

Read more:
https://review.mssmileenglish.com/best-ai-seo-tools-2026/?utm_source=telegram

#SEO #AITools",https://review.mssmileenglish.com/best-ai-seo-tools-2026/?utm_source=telegram,Pending Review,2026-05-24,20:00,False,,Copy-ready seed. Review before posting manually.,0,,medium,builder_note,,
social-seed-23-telegram,Telegram,Automation tools,"Automation mạnh nhất khi lỗi được nhìn thấy rõ.

Quick field note from building and reviewing AI/SaaS tools:

- Map workflow trước.
- Test nhỏ.
- Theo dõi lỗi sau khi chạy.

The useful question is not which tool looks impressive in a demo. It is which one still helps when the repo, page structure, pricing decision, or workflow gets messy.

My current filter: use the tool that reduces cleanup time. If it only creates faster first drafts but leaves more review work, I treat it carefully.

Before posting or recommending a tool, I check the same things every time: does it help with the second fix, does it reduce context switching, and does the pricing still make sense after the trial period ends?

Read more:
https://review.mssmileenglish.com/best-ai-automation-tools-2026/?utm_source=telegram

#Automation #NoCode",https://review.mssmileenglish.com/best-ai-automation-tools-2026/?utm_source=telegram,Pending Review,2026-05-25,09:00,False,,Copy-ready seed. Review before posting manually.,0,,medium,workflow_tip,,
social-seed-24-telegram,Telegram,Windsurf vs Copilot,"Windsurf nhanh cho scaffold, Copilot dễ dùng trong IDE quen thuộc.

Quick field note from building and reviewing AI/SaaS tools:

- Không tool nào hoàn hảo.
- Refactor lớn cần review.
- Chọn theo workflow.

The useful question is not which tool looks impressive in a demo. It is which one still helps when the repo, page structure, pricing decision, or workflow gets messy.

My current filter: use the tool that reduces cleanup time. If it only creates faster first drafts but leaves more review work, I treat it carefully.

Before posting or recommending a tool, I check the same things every time: does it help with the second fix, does it reduce context switching, and does the pricing still make sense after the trial period ends?

Read more:
https://review.mssmileenglish.com/comparisons/windsurf-vs-copilot/?utm_source=telegram

#Windsurf #Copilot",https://review.mssmileenglish.com/comparisons/windsurf-vs-copilot/?utm_source=telegram,Pending Review,2026-05-25,20:00,False,,Copy-ready seed. Review before posting manually.,0,,medium,comparison,,
social-seed-25-telegram,Telegram,Cursor review,"Cursor tốt nhất khi bạn dùng nó như editor có context, không phải autocomplete.

Quick field note from building and reviewing AI/SaaS tools:

- Chia nhỏ task.
- Review diff.
- Dùng cho debug/iteration.

The useful question is not which tool looks impressive in a demo. It is which one still helps when the repo, page structure, pricing decision, or workflow gets messy.

My current filter: use the tool that reduces cleanup time. If it only creates faster first drafts but leaves more review work, I treat it carefully.

Before posting or recommending a tool, I check the same things every time: does it help with the second fix, does it reduce context switching, and does the pricing still make sense after the trial period ends?

Read more:
https://review.mssmileenglish.com/review/cursor/?utm_source=telegram

#CursorAI #DevTools",https://review.mssmileenglish.com/review/cursor/?utm_source=telegram,Pending Review,2026-05-26,09:00,False,,Copy-ready seed. Review before posting manually.,0,,medium,practical_review,,
social-seed-26-xxtwitter,X/Twitter,Cursor vs Copilot,"1/ Unpopular comparison: speed is not the same as lower cleanup cost.

2/ Cursor vs Copilot is not a demo contest.

3/ Cursor: better repo-level iteration. But I would still test it on a messy real task, not a clean demo.

4/ Copilot: better lightweight IDE assistance. This is where context, pricing, and team workflow start to matter.

5/ Full practical note: https://review.mssmileenglish.com/comparisons/cursor-vs-copilot/?utm_source=twitter #AICoding #Cursor #Copilot",https://review.mssmileenglish.com/comparisons/cursor-vs-copilot/?utm_source=twitter,Posted,2026-05-26,09:15,False,2026-05-15T07:11:02,Copy-ready seed. Review before posting manually.,0,,medium,comparison,,
social-seed-27-xxtwitter,X/Twitter,Windsurf vs Copilot,"1/ Unpopular comparison: speed is not the same as lower cleanup cost.

2/ Windsurf feels fast from zero. Copilot feels safer inside old workflows.

3/ Speed is not always lower cost. But I would still test it on a messy real task, not a clean demo.

4/ Large refactors still need review. This is where context, pricing, and team workflow start to matter.

5/ Full practical note: https://review.mssmileenglish.com/comparisons/windsurf-vs-copilot/?utm_source=twitter #Windsurf #Copilot",https://review.mssmileenglish.com/comparisons/windsurf-vs-copilot/?utm_source=twitter,Pending Review,2026-05-27,14:00,False,,Copy-ready seed. Review before posting manually.,0,,medium,comparison,,
social-seed-28-xxtwitter,X/Twitter,Best AI SEO tools,"1/ Builder note: the second failed fix is where AI tools get exposed.

2/ AI SEO tools are only useful when humans still verify the SERP.

3/ Use tools for briefs. But I would still test it on a messy real task, not a clean demo.

4/ Use judgment for publishing. This is where context, pricing, and team workflow start to matter.

5/ Full practical note: https://review.mssmileenglish.com/best-ai-seo-tools-2026/?utm_source=twitter #SEO #AITools",https://review.mssmileenglish.com/best-ai-seo-tools-2026/?utm_source=twitter,Pending Review,2026-05-27,20:15,False,,Copy-ready seed. Review before posting manually.,0,,medium,builder_note,,
social-seed-29-xxtwitter,X/Twitter,AI automation,"1/ Workflow tip: use the tool where it reduces review time, not where it looks flashy.

2/ Automation without error handling creates hidden work.

3/ Start small. But I would still test it on a messy real task, not a clean demo.

4/ Log failures. This is where context, pricing, and team workflow start to matter.

5/ Full practical note: https://review.mssmileenglish.com/best-ai-automation-tools-2026/?utm_source=twitter #Automation #NoCode",https://review.mssmileenglish.com/best-ai-automation-tools-2026/?utm_source=twitter,Pending Review,2026-05-28,09:15,False,,Copy-ready seed. Review before posting manually.,0,,medium,workflow_tip,,
social-seed-30-xxtwitter,X/Twitter,AI writing tools,"1/ Builder note: the second failed fix is where AI tools get exposed.

2/ AI writing tools do not fix weak positioning.

3/ They help outline. But I would still test it on a messy real task, not a clean demo.

4/ They help repurpose. This is where context, pricing, and team workflow start to matter.

5/ Full practical note: https://review.mssmileenglish.com/best-ai-writing-tools-2026/?utm_source=twitter #AIWriting #ContentMarketing",https://review.mssmileenglish.com/best-ai-writing-tools-2026/?utm_source=twitter,Pending Review,2026-05-28,14:00,False,,Copy-ready seed. Review before posting manually.,0,,medium,builder_note,,
social-seed-40-linkedin,LinkedIn,Windsurf + Codex workflow,"Windsurf is fast for scaffolding, but Codex is where I usually repair the mess.

I started noticing this while working through real AI coding, SEO, and affiliate content workflows. The first draft from a tool is rarely the part that decides whether it is useful. The real test starts when the project gets messy: duplicated logic, weak context, confusing pricing, or a workflow that looks good in a demo but slows down during cleanup.

My experience note: I trust tools more when they reduce review time, not when they only generate output quickly. Fast output is helpful, but if the second hour becomes debugging generated mistakes, the tool is not really saving much time.

The problem I keep seeing is that people compare software by feature lists. That misses the practical question: what happens after the first fix fails?

- Use Windsurf to draft the structure, then stop before it owns the whole repo.
- Move messy logic and build failures into Codex with a clear task boundary.
- Use Cursor for tight iteration once the project shape is stable.

A few practical checks I now use before recommending any tool:
- Does it handle existing project context, or only clean demos?
- Does it make debugging easier after the first attempt fails?
- Is the pricing reasonable for a solo builder or small team?
- Does the workflow still feel stable when the project grows?

I wrote the fuller practical breakdown here. It is not a hype piece; it is a workflow-first note for builders who care about speed, cleanup cost, and realistic adoption.

https://review.mssmileenglish.com/windsurf-review/?utm_source=linkedin

#AICoding #DeveloperTools #BuildInPublic",https://review.mssmileenglish.com/windsurf-review/?utm_source=linkedin,Pending Review,2026-06-03,16:00,False,,Copy-ready seed. Review before posting manually.,0,,low,workflow_tip,,
social-seed-39-xxtwitter,X/Twitter,Windsurf + Codex workflow,"1/ Workflow tip: use the tool where it reduces review time, not where it looks flashy.

2/ Windsurf is fast for scaffolding, but Codex is where I usually repair the mess.

3/ Use Windsurf to draft the structure, then stop before it owns the whole repo. But I would still test it on a messy real task, not a clean demo.

4/ Move messy logic and build failures into Codex with a clear task boundary. This is where context, pricing, and team workflow start to matter.

5/ Full practical note: https://review.mssmileenglish.com/windsurf-review/?utm_source=twitter #AICoding #Codex #Cursor #Windsurf",https://review.mssmileenglish.com/windsurf-review/?utm_source=twitter,Pending Review,2026-06-03,19:15,False,,Copy-ready seed. Review before posting manually.,0,,low,workflow_tip,,
social-seed-42-telegram,Telegram,Windsurf + Codex workflow,"Windsurf is fast for scaffolding, but Codex is where I usually repair the mess.

Quick field note from building and reviewing AI/SaaS tools:

- Use Windsurf to draft the structure, then stop before it owns the whole repo.
- Move messy logic and build failures into Codex with a clear task boundary.
- Use Cursor for tight iteration once the project shape is stable.

The useful question is not which tool looks impressive in a demo. It is which one still helps when the repo, page structure, pricing decision, or workflow gets messy.

My current filter: use the tool that reduces cleanup time. If it only creates faster first drafts but leaves more review work, I treat it carefully.

Before posting or recommending a tool, I check the same things every time: does it help with the second fix, does it reduce context switching, and does the pricing still make sense after the trial period ends?

Read more:
https://review.mssmileenglish.com/windsurf-review/?utm_source=telegram",https://review.mssmileenglish.com/windsurf-review/?utm_source=telegram,Pending Review,2026-06-04,18:00,False,,Copy-ready seed. Review before posting manually.,0,,low,workflow_tip,,
social-seed-41-facebook,Facebook,Windsurf + Codex workflow,"Windsurf is fast for scaffolding, but Codex is where I usually repair the mess.

Minh cang dung AI tools de build site, sua loi, lam SEO content va chuan bi affiliate workflow thi cang thay mot dieu: demo dep chua du.

Cau hoi that su la khi project bat dau roi, tool do co giup minh xu ly nhanh hon khong, hay chi tao them viec phai don?

- Use Windsurf to draft the structure, then stop before it owns the whole repo.
- Move messy logic and build failures into Codex with a clear task boundary.
- Use Cursor for tight iteration once the project shape is stable.

Kinh nghiem cua minh la dung chi nhin tool nao tao nhanh hon trong 5 phut dau. Hay nhin vao phan sau do:
- sua bug co nhanh khong
- co hieu context project khong
- co tao logic lap lai khong
- pricing co hop voi cach minh dung hang ngay khong

Minh viet lai goc nhin thuc te o bai nay. Neu ban dang chon tool de build project, lam SEO hoac chuan bi he thong affiliate, bai nay se giup loc bot phan quang cao va nhin vao workflow that.

https://review.mssmileenglish.com/windsurf-review/?utm_source=facebook

#AICoding #Cursor #Codex",https://review.mssmileenglish.com/windsurf-review/?utm_source=facebook,Pending Review,2026-06-04,20:30,False,,Copy-ready seed. Review before posting manually.,0,,low,workflow_tip,,
social-seed-48-linkedin,LinkedIn,Why I stopped using only one AI coding tool,"I stopped asking which AI coding tool is best. I started asking which one fits each stage.

I started noticing this while working through real AI coding, SEO, and affiliate content workflows. The first draft from a tool is rarely the part that decides whether it is useful. The real test starts when the project gets messy: duplicated logic, weak context, confusing pricing, or a workflow that looks good in a demo but slows down during cleanup.

My experience note: I trust tools more when they reduce review time, not when they only generate output quickly. Fast output is helpful, but if the second hour becomes debugging generated mistakes, the tool is not really saving much time.

The problem I keep seeing is that people compare software by feature lists. That misses the practical question: what happens after the first fix fails?

- The best-tool question is usually too broad to be useful.
- Each stage of a real project breaks AI tools in a different way.
- A mixed workflow often beats forcing one assistant to do everything.

A few practical checks I now use before recommending any tool:
- Does it handle existing project context, or only clean demos?
- Does it make debugging easier after the first attempt fails?
- Is the pricing reasonable for a solo builder or small team?
- Does the workflow still feel stable when the project grows?

I wrote the fuller practical breakdown here. It is not a hype piece; it is a workflow-first note for builders who care about speed, cleanup cost, and realistic adoption.

https://review.mssmileenglish.com/best-ai-coding-tools-2026/?utm_source=linkedin

#AICoding #DeveloperTools #BuildInPublic",https://review.mssmileenglish.com/best-ai-coding-tools-2026/?utm_source=linkedin,Pending Review,2026-06-07,09:30,False,,Copy-ready seed. Review before posting manually.,0,,low,hot_take,,
social-seed-47-xxtwitter,X/Twitter,Why I stopped using only one AI coding tool,"1/ Hot take: most AI demos collapse under repo complexity.

2/ I stopped asking which AI coding tool is best. I started asking which one fits each stage.

3/ The best-tool question is usually too broad to be useful. But I would still test it on a messy real task, not a clean demo.

4/ Each stage of a real project breaks AI tools in a different way. This is where context, pricing, and team workflow start to matter.

5/ Full practical note: https://review.mssmileenglish.com/best-ai-coding-tools-2026/?utm_source=twitter #AICoding #Codex #Cursor #Windsurf",https://review.mssmileenglish.com/best-ai-coding-tools-2026/?utm_source=twitter,Pending Review,2026-06-07,10:15,False,,Copy-ready seed. Review before posting manually.,0,,low,hot_take,,
social-seed-50-telegram,Telegram,Why I stopped using only one AI coding tool,"I stopped asking which AI coding tool is best. I started asking which one fits each stage.

Quick field note from building and reviewing AI/SaaS tools:

- The best-tool question is usually too broad to be useful.
- Each stage of a real project breaks AI tools in a different way.
- A mixed workflow often beats forcing one assistant to do everything.

The useful question is not which tool looks impressive in a demo. It is which one still helps when the repo, page structure, pricing decision, or workflow gets messy.

My current filter: use the tool that reduces cleanup time. If it only creates faster first drafts but leaves more review work, I treat it carefully.

Before posting or recommending a tool, I check the same things every time: does it help with the second fix, does it reduce context switching, and does the pricing still make sense after the trial period ends?

Read more:
https://review.mssmileenglish.com/best-ai-coding-tools-2026/?utm_source=telegram",https://review.mssmileenglish.com/best-ai-coding-tools-2026/?utm_source=telegram,Pending Review,2026-06-08,09:00,False,,Copy-ready seed. Review before posting manually.,0,,low,hot_take,,
social-seed-49-facebook,Facebook,Why I stopped using only one AI coding tool,"I stopped asking which AI coding tool is best. I started asking which one fits each stage.

Minh cang dung AI tools de build site, sua loi, lam SEO content va chuan bi affiliate workflow thi cang thay mot dieu: demo dep chua du.

Cau hoi that su la khi project bat dau roi, tool do co giup minh xu ly nhanh hon khong, hay chi tao them viec phai don?

- The best-tool question is usually too broad to be useful.
- Each stage of a real project breaks AI tools in a different way.
- A mixed workflow often beats forcing one assistant to do everything.

Kinh nghiem cua minh la dung chi nhin tool nao tao nhanh hon trong 5 phut dau. Hay nhin vao phan sau do:
- sua bug co nhanh khong
- co hieu context project khong
- co tao logic lap lai khong
- pricing co hop voi cach minh dung hang ngay khong

Minh viet lai goc nhin thuc te o bai nay. Neu ban dang chon tool de build project, lam SEO hoac chuan bi he thong affiliate, bai nay se giup loc bot phan quang cao va nhin vao workflow that.

https://review.mssmileenglish.com/best-ai-coding-tools-2026/?utm_source=facebook

#AICoding #Cursor #Codex",https://review.mssmileenglish.com/best-ai-coding-tools-2026/?utm_source=facebook,Pending Review,2026-06-08,19:00,False,,Copy-ready seed. Review before posting manually.,0,,low,hot_take,,
social-seed-52-linkedin,LinkedIn,My actual AI coding workflow in 2026,"My current workflow: Windsurf for rough structure, Codex for repair, Cursor for iteration, Copilot for light autocomplete.

I started noticing this while working through real AI coding, SEO, and affiliate content workflows. The first draft from a tool is rarely the part that decides whether it is useful. The real test starts when the project gets messy: duplicated logic, weak context, confusing pricing, or a workflow that looks good in a demo but slows down during cleanup.

My experience note: I trust tools more when they reduce review time, not when they only generate output quickly. Fast output is helpful, but if the second hour becomes debugging generated mistakes, the tool is not really saving much time.

The problem I keep seeing is that people compare software by feature lists. That misses the practical question: what happens after the first fix fails?

- Windsurf gives me speed at the start.
- Codex gives me deeper repair when the project is already messy.
- Cursor keeps day-to-day editing fast once the architecture is stable.

A few practical checks I now use before recommending any tool:
- Does it handle existing project context, or only clean demos?
- Does it make debugging easier after the first attempt fails?
- Is the pricing reasonable for a solo builder or small team?
- Does the workflow still feel stable when the project grows?

I wrote the fuller practical breakdown here. It is not a hype piece; it is a workflow-first note for builders who care about speed, cleanup cost, and realistic adoption.

https://review.mssmileenglish.com/best-ai-coding-tools-2026/?utm_source=linkedin

#AICoding #DeveloperTools #BuildInPublic",https://review.mssmileenglish.com/best-ai-coding-tools-2026/?utm_source=linkedin,Pending Review,2026-06-09,11:00,False,,Copy-ready seed. Review before posting manually.,0,,low,builder_note,,
social-seed-51-xxtwitter,X/Twitter,My actual AI coding workflow in 2026,"1/ Builder note: the second failed fix is where AI tools get exposed.

2/ My current workflow: Windsurf for rough structure, Codex for repair, Cursor for iteration, Copilot for light autocomplete.

3/ Windsurf gives me speed at the start. But I would still test it on a messy real task, not a clean demo.

4/ Codex gives me deeper repair when the project is already messy. This is where context, pricing, and team workflow start to matter.

5/ Full practical note: https://review.mssmileenglish.com/best-ai-coding-tools-2026/?utm_source=twitter #AICoding #Codex #Cursor #Windsurf",https://review.mssmileenglish.com/best-ai-coding-tools-2026/?utm_source=twitter,Pending Review,2026-06-09,13:30,False,,Copy-ready seed. Review before posting manually.,0,,low,builder_note,,
social-seed-54-telegram,Telegram,My actual AI coding workflow in 2026,"My current workflow: Windsurf for rough structure, Codex for repair, Cursor for iteration, Copilot for light autocomplete.

Quick field note from building and reviewing AI/SaaS tools:

- Windsurf gives me speed at the start.
- Codex gives me deeper repair when the project is already messy.
- Cursor keeps day-to-day editing fast once the architecture is stable.

The useful question is not which tool looks impressive in a demo. It is which one still helps when the repo, page structure, pricing decision, or workflow gets messy.

My current filter: use the tool that reduces cleanup time. If it only creates faster first drafts but leaves more review work, I treat it carefully.

Read more:
https://review.mssmileenglish.com/best-ai-coding-tools-2026/?utm_source=telegram",https://review.mssmileenglish.com/best-ai-coding-tools-2026/?utm_source=telegram,Pending Review,2026-06-10,12:00,False,,Copy-ready seed. Review before posting manually.,0,,low,builder_note,,
social-seed-53-facebook,Facebook,My actual AI coding workflow in 2026,"My current workflow: Windsurf for rough structure, Codex for repair, Cursor for iteration, Copilot for light autocomplete.

Minh cang dung AI tools de build site, sua loi, lam SEO content va chuan bi affiliate workflow thi cang thay mot dieu: demo dep chua du.

Cau hoi that su la khi project bat dau roi, tool do co giup minh xu ly nhanh hon khong, hay chi tao them viec phai don?

- Windsurf gives me speed at the start.
- Codex gives me deeper repair when the project is already messy.
- Cursor keeps day-to-day editing fast once the architecture is stable.

Kinh nghiem cua minh la dung chi nhin tool nao tao nhanh hon trong 5 phut dau. Hay nhin vao phan sau do:
- sua bug co nhanh khong
- co hieu context project khong
- co tao logic lap lai khong
- pricing co hop voi cach minh dung hang ngay khong

Minh viet lai goc nhin thuc te o bai nay. Neu ban dang chon tool de build project, lam SEO hoac chuan bi he thong affiliate, bai nay se giup loc bot phan quang cao va nhin vao workflow that.

https://review.mssmileenglish.com/best-ai-coding-tools-2026/?utm_source=facebook

#AICoding #Cursor #Codex",https://review.mssmileenglish.com/best-ai-coding-tools-2026/?utm_source=facebook,Pending Review,2026-06-10,19:30,False,,Copy-ready seed. Review before posting manually.,0,,low,builder_note,,
