FolderName,Category,VideoGenerated,VideoDuration,VideoFile,ThumbnailGenerated,SubtitleGenerated,MetadataGenerated,RenderStatus,UploadStatus,YoutubeVideoUrl,YoutubeChannelUrl,ArticleUrl,WebsiteUrl,Author,Priority,CreatedDate,LastModified,LastRenderDate,Notes
activecampaign,REVIEW,YES,187.366667,video_output\activecampaign\review_video.mp4,YES,YES,YES,DONE,UPLOADED,https://youtu.be/4ia6nISbSBg,https://youtube.com/@SmileAIReviewHub,https://smileaireviewhub.com/activecampaign/,https://smileaireviewhub.com,Nguyen Quoc Tuan,LOW,2026-06-03T02:23:12.946301+00:00,2026-06-07T06:09:40.661210+00:00,2026-06-07T06:09:40.266078+00:00,
adcreative-ai,REVIEW,YES,187.900000,video_output\adcreative-ai\review_video.mp4,YES,YES,YES,DONE,UPLOADED,https://youtu.be/sApDb4lRSfU,https://youtube.com/@SmileAIReviewHub,https://smileaireviewhub.com/adcreative-ai/,https://smileaireviewhub.com,Nguyen Quoc Tuan,LOW,2026-06-03T02:23:13.244381+00:00,2026-06-07T06:09:36.805441+00:00,2026-06-07T06:09:36.264870+00:00,
agent-reach-review-2026,ARTICLE,YES,162.800000,video_output\agent-reach-review-2026\review_video.mp4,YES,YES,YES,DONE,UPLOADED,https://youtu.be/vvA3gCKpk3U,https://youtube.com/@SmileAIReviewHub,https://smileaireviewhub.com/agent-reach-review-2026/,https://smileaireviewhub.com,Nguyen Quoc Tuan,LOW,2026-06-15T12:16:20.597895+00:00,2026-06-18T00:04:55.692175+00:00,2026-06-15T12:36:41.634959+00:00,
ahrefs-ai,REVIEW,YES,179.900000,video_output\ahrefs-ai\review_video.mp4,YES,YES,YES,DONE,UPLOADED,https://youtu.be/FWVquUxDQZw,https://youtube.com/@SmileAIReviewHub,https://smileaireviewhub.com/ahrefs-ai/,https://smileaireviewhub.com,Nguyen Quoc Tuan,MEDIUM,2026-06-03T02:23:13.543557+00:00,2026-06-07T06:09:17.953872+00:00,2026-06-07T06:09:15.508833+00:00,
ai-assistant-software-comparison,ARTICLE,YES,164.167000,video_output\ai-assistant-software-comparison\review_video.mp4,YES,YES,YES,DONE,UPLOADED,https://youtu.be/fNU6TrW-Q80,https://youtube.com/@SmileAIReviewHub,https://smileaireviewhub.com/ai-assistant-software-comparison/,https://smileaireviewhub.com,Nguyen Quoc Tuan,LOW,2026-06-14T14:07:29.644337+00:00,2026-06-15T06:48:54.858079+00:00,2026-06-15T06:48:54.532442+00:00,
ai-coding-software-comparison,ARTICLE,YES,163.967000,video_output\ai-coding-software-comparison\review_video.mp4,YES,YES,YES,DONE,UPLOADED,https://youtu.be/GDf1SSJgHdU,https://youtube.com/@SmileAIReviewHub,https://smileaireviewhub.com/ai-coding-software-comparison/,https://smileaireviewhub.com,Nguyen Quoc Tuan,LOW,2026-06-14T14:07:30.329417+00:00,2026-06-15T07:03:13.979639+00:00,2026-06-15T07:03:12.432961+00:00,
ai-design-software-comparison,ARTICLE,YES,163.967000,video_output\ai-design-software-comparison\review_video.mp4,YES,YES,YES,DONE,UPLOADED,https://youtu.be/N5cTPtdCBSA,https://youtube.com/@SmileAIReviewHub,https://smileaireviewhub.com/ai-design-software-comparison/,https://smileaireviewhub.com,Nguyen Quoc Tuan,LOW,2026-06-15T12:16:22.499951+00:00,2026-06-18T00:04:55.692175+00:00,2026-06-15T13:03:54.921185+00:00,
ai-design-software-review,ARTICLE,YES,163.967000,video_output\ai-design-software-review\review_video.mp4,YES,YES,YES,DONE,UPLOADED,https://youtu.be/IuSdh53LcnY,https://youtube.com/@SmileAIReviewHub,https://smileaireviewhub.com/ai-design-software-review/,https://smileaireviewhub.com,Nguyen Quoc Tuan,LOW,2026-06-14T14:07:28.369040+00:00,2026-06-15T06:37:27.032518+00:00,2026-06-15T06:37:26.736471+00:00,
ai-engineering-from-scratch-review-2026,ARTICLE,YES,164.467000,video_output\ai-engineering-from-scratch-review-2026\review_video.mp4,YES,YES,YES,DONE,UPLOADED,https://youtu.be/eMy1qehRb1E,https://youtube.com/@SmileAIReviewHub,https://smileaireviewhub.com/ai-engineering-from-scratch-review-2026/,https://smileaireviewhub.com,Nguyen Quoc Tuan,LOW,2026-06-15T12:16:20.857209+00:00,2026-06-18T00:04:55.692175+00:00,2026-06-15T12:36:57.016265+00:00,
ai-image-software-comparison,ARTICLE,YES,163.700000,video_output\ai-image-software-comparison\review_video.mp4,YES,YES,YES,DONE,UPLOADED,https://youtu.be/b4ZmOsiPyrQ,https://youtube.com/@SmileAIReviewHub,https://smileaireviewhub.com/ai-image-software-comparison/,https://smileaireviewhub.com,Nguyen Quoc Tuan,LOW,2026-06-15T12:16:22.676009+00:00,2026-06-18T00:04:55.692175+00:00,2026-06-15T13:04:09.775786+00:00,
ai-meeting-software-comparison,ARTICLE,YES,163.834000,video_output\ai-meeting-software-comparison\review_video.mp4,YES,YES,YES,DONE,UPLOADED,https://youtu.be/buM4YFaQvcE,https://youtube.com/@SmileAIReviewHub,https://smileaireviewhub.com/ai-meeting-software-comparison/,https://smileaireviewhub.com,Nguyen Quoc Tuan,LOW,2026-06-15T12:16:22.861991+00:00,2026-06-18T00:04:55.692175+00:00,2026-06-15T13:11:18.539079+00:00,
ai-productivity-software-comparison,ARTICLE,YES,164.734000,video_output\ai-productivity-software-comparison\review_video.mp4,YES,YES,YES,DONE,UPLOADED,https://youtu.be/ZYHStgt9fPo,https://youtube.com/@SmileAIReviewHub,https://smileaireviewhub.com/ai-productivity-software-comparison/,https://smileaireviewhub.com,Nguyen Quoc Tuan,LOW,2026-06-15T12:16:21.498620+00:00,2026-06-18T00:04:55.692175+00:00,2026-06-15T12:49:04.776564+00:00,
ai-seo-software-comparison,ARTICLE,YES,163.900000,video_output\ai-seo-software-comparison\review_video.mp4,YES,YES,YES,DONE,UPLOADED,https://youtu.be/3053s8twQfU,https://youtube.com/@SmileAIReviewHub,https://smileaireviewhub.com/ai-seo-software-comparison/,https://smileaireviewhub.com,Nguyen Quoc Tuan,LOW,2026-06-15T12:16:21.853776+00:00,2026-06-18T00:04:55.692175+00:00,2026-06-15T12:49:18.479926+00:00,
ai-tools-in-2026-what-each-platform-does-best-in-real-world-workflows,ARTICLE,YES,165.400000,video_output\ai-tools-in-2026-what-each-platform-does-best-in-real-world-workflows\review_video.mp4,YES,YES,YES,DONE,UPLOADED,https://youtu.be/-n1G1D0lu3c,https://youtube.com/@SmileAIReviewHub,https://smileaireviewhub.com/ai-tools-in-2026-what-each-platform-does-best-in-real-world-workflows/,https://smileaireviewhub.com,Nguyen Quoc Tuan,LOW,2026-06-14T14:07:29.351722+00:00,2026-06-15T06:48:59.215503+00:00,2026-06-15T06:48:58.432864+00:00,
ai-video-software-review,ARTICLE,YES,163.900000,video_output\ai-video-software-review\review_video.mp4,YES,YES,YES,DONE,UPLOADED,https://youtu.be/CZWl_XlhocE,https://youtube.com/@SmileAIReviewHub,https://smileaireviewhub.com/ai-video-software-review/,https://smileaireviewhub.com,Nguyen Quoc Tuan,LOW,2026-06-14T14:07:28.560395+00:00,2026-06-15T06:37:25.177581+00:00,2026-06-15T06:37:24.450943+00:00,
ai-writing-software-review,ARTICLE,YES,163.967000,video_output\ai-writing-software-review\review_video.mp4,YES,YES,YES,DONE,UPLOADED,https://youtu.be/R41hZbqShE8,https://youtube.com/@SmileAIReviewHub,https://smileaireviewhub.com/ai-writing-software-review/,https://smileaireviewhub.com,Nguyen Quoc Tuan,LOW,2026-06-14T14:07:28.851473+00:00,2026-06-15T06:37:27.166156+00:00,2026-06-15T06:37:26.576536+00:00,
aisuite-review-2026,ARTICLE,YES,162.467000,video_output\aisuite-review-2026\review_video.mp4,YES,YES,YES,DONE,UPLOADED,https://youtu.be/70sCPqA-gVg,https://youtube.com/@SmileAIReviewHub,https://smileaireviewhub.com/aisuite-review-2026/,https://smileaireviewhub.com,Nguyen Quoc Tuan,LOW,2026-06-14T14:07:29.845699+00:00,2026-06-15T07:02:54.453017+00:00,2026-06-15T07:02:51.707347+00:00,
archive,SYSTEM,NO,,,NO,NO,NO,N/A,NOT_UPLOADED,,https://youtube.com/@SmileAIReviewHub,,https://smileaireviewhub.com,Nguyen Quoc Tuan,,2026-06-05T01:19:05.688147+00:00,2026-06-05T01:21:03.863379+00:00,,
automation-software-comparison,ARTICLE,YES,163.934000,video_output\automation-software-comparison\review_video.mp4,YES,YES,YES,DONE,UPLOADED,https://youtu.be/UqwnXWS4YfU,https://youtube.com/@SmileAIReviewHub,https://smileaireviewhub.com/automation-software-comparison/,https://smileaireviewhub.com,Nguyen Quoc Tuan,LOW,2026-06-14T14:07:29.071685+00:00,2026-06-15T06:48:55.197947+00:00,2026-06-15T06:48:54.093916+00:00,
best-affiliate-marketing-software-saas,ARTICLE,YES,390.134000,video_output\best-affiliate-marketing-software-saas\review_video.mp4,YES,YES,YES,DONE,UPLOADED,https://youtu.be/Z9oAuAv52XE,https://youtube.com/@SmileAIReviewHub,https://smileaireviewhub.com/best-affiliate-marketing-software-saas/,https://smileaireviewhub.com,Nguyen Quoc Tuan,LOW,2026-06-12T12:31:16.920752+00:00,2026-06-13T01:47:45.129304+00:00,2026-06-13T01:39:06.487591+00:00,
best-ai-assistant-software,ARTICLE,YES,164.834000,video_output\best-ai-assistant-software\review_video.mp4,YES,YES,YES,DONE,UPLOADED,https://youtu.be/mjIXscKl_SU,https://youtube.com/@SmileAIReviewHub,https://smileaireviewhub.com/best-ai-assistant-software/,https://smileaireviewhub.com,Nguyen Quoc Tuan,LOW,2026-06-14T14:07:30.014040+00:00,2026-06-15T07:03:08.933182+00:00,2026-06-15T07:03:07.069161+00:00,
best-ai-seo-tools-2026,ARTICLE,YES,368.822000,video_output\best-ai-seo-tools-2026\review_video.mp4,YES,YES,YES,DONE,UPLOADED,https://youtu.be/FdGtpFc6TNw,https://youtube.com/@SmileAIReviewHub,https://smileaireviewhub.com/best-ai-seo-tools-2026/,https://smileaireviewhub.com,Nguyen Quoc Tuan,LOW,2026-06-12T12:28:49.029181+00:00,2026-06-13T01:47:45.118335+00:00,2026-06-13T01:41:08.347902+00:00,
best-ai-website-builders-compared,ARTICLE,YES,390.134000,video_output\best-ai-website-builders-compared\review_video.mp4,YES,YES,YES,DONE,UPLOADED,https://youtu.be/U2gDFVe9sOc,https://youtube.com/@SmileAIReviewHub,https://smileaireviewhub.com/best-ai-website-builders-compared/,https://smileaireviewhub.com,Nguyen Quoc Tuan,LOW,2026-06-12T12:31:16.912772+00:00,2026-06-13T01:47:45.125315+00:00,2026-06-13T01:42:42.221455+00:00,
best-website-builder-2026,ARTICLE,YES,371.196000,video_output\best-website-builder-2026\review_video.mp4,YES,YES,YES,DONE,UPLOADED,https://youtu.be/QsFqthZkMHk,https://youtube.com/@SmileAIReviewHub,https://smileaireviewhub.com/best-website-builder-2026/,https://smileaireviewhub.com,Nguyen Quoc Tuan,LOW,2026-06-11T01:19:15.514687+00:00,2026-06-13T01:47:45.121326+00:00,2026-06-13T01:36:43.588200+00:00,
bolt,REVIEW,YES,179.033333,video_output\bolt\review_video.mp4,YES,YES,YES,DONE,UPLOADED,https://youtu.be/yKOiyUzy4dQ,https://youtube.com/@SmileAIReviewHub,https://smileaireviewhub.com/bolt/,https://smileaireviewhub.com,Nguyen Quoc Tuan,HIGH,2026-06-03T02:23:13.838537+00:00,2026-06-07T06:09:05.847586+00:00,2026-06-07T06:09:02.894515+00:00,
canva,REVIEW,YES,184.100000,video_output\canva\review_video.mp4,YES,YES,YES,DONE,UPLOADED,https://youtu.be/VnxJuNoxdjo,https://youtube.com/@SmileAIReviewHub,https://smileaireviewhub.com/canva/,https://smileaireviewhub.com,Nguyen Quoc Tuan,LOW,2026-06-03T02:23:14.158267+00:00,2026-06-07T06:26:59.463708+00:00,2026-06-07T06:26:56.928678+00:00,
category-ai-coding-tools,CATEGORY,YES,214.266667,video_output\category-ai-coding-tools\review_video.mp4,YES,YES,YES,DONE,UPLOADED,https://youtu.be/vD79FNFPCQ8,https://youtube.com/@SmileAIReviewHub,https://smileaireviewhub.com/category/ai-coding-tools/,https://smileaireviewhub.com,Nguyen Quoc Tuan,LOW,2026-06-03T02:23:06.075611+00:00,2026-06-08T05:21:14.824520+00:00,2026-06-08T05:21:14.374639+00:00,
category-automation-tools,CATEGORY,YES,213.466667,video_output\category-automation-tools\review_video.mp4,YES,YES,YES,DONE,UPLOADED,https://youtu.be/2QabFBcmtzs,https://youtube.com/@SmileAIReviewHub,https://smileaireviewhub.com/category/automation-tools/,https://smileaireviewhub.com,Nguyen Quoc Tuan,LOW,2026-06-03T02:23:06.314695+00:00,2026-06-08T05:28:00.370289+00:00,2026-06-08T05:27:59.837760+00:00,
category-design-tools,CATEGORY,YES,227.766667,video_output\category-design-tools\review_video.mp4,YES,YES,YES,DONE,UPLOADED,https://youtu.be/kpjGbrZ2a0k,https://youtube.com/@SmileAIReviewHub,https://smileaireviewhub.com/category/design-tools/,https://smileaireviewhub.com,Nguyen Quoc Tuan,LOW,2026-06-03T02:23:06.577454+00:00,2026-06-06T14:35:05.211719+00:00,2026-06-06T14:35:04.627141+00:00,
category-email-marketing-tools,CATEGORY,YES,229.433333,video_output\category-email-marketing-tools\review_video.mp4,YES,YES,YES,DONE,UPLOADED,https://youtu.be/ILaxA7lPnJA,https://youtube.com/@SmileAIReviewHub,https://smileaireviewhub.com/category/email-marketing-tools/,https://smileaireviewhub.com,Nguyen Quoc Tuan,LOW,2026-06-03T02:23:06.792823+00:00,2026-06-07T06:31:53.007282+00:00,2026-06-07T06:31:51.846293+00:00,
category-seo-tools,CATEGORY,YES,223.900000,video_output\category-seo-tools\review_video.mp4,YES,YES,YES,DONE,UPLOADED,https://youtu.be/epK7Od07-aQ,https://youtube.com/@SmileAIReviewHub,https://smileaireviewhub.com/category/seo-tools/,https://smileaireviewhub.com,Nguyen Quoc Tuan,LOW,2026-06-03T02:23:07.020457+00:00,2026-06-07T06:32:07.721668+00:00,2026-06-07T06:32:07.013115+00:00,
category-video-tools,CATEGORY,YES,221.566667,video_output\category-video-tools\review_video.mp4,YES,YES,YES,DONE,UPLOADED,https://youtu.be/m9OiJYacUIM,https://youtube.com/@SmileAIReviewHub,https://smileaireviewhub.com/category/video-tools/,https://smileaireviewhub.com,Nguyen Quoc Tuan,LOW,2026-06-03T02:23:07.489145+00:00,2026-06-07T06:32:12.047122+00:00,2026-06-07T06:32:11.316235+00:00,
category-website-builder-tools,CATEGORY,YES,229.233333,video_output\category-website-builder-tools\review_video.mp4,YES,YES,YES,DONE,UPLOADED,https://youtu.be/uzF59t2ETE0,https://youtube.com/@SmileAIReviewHub,https://smileaireviewhub.com/category/website-builder-tools/,https://smileaireviewhub.com,Nguyen Quoc Tuan,LOW,2026-06-03T02:23:07.727414+00:00,2026-06-07T06:59:36.113890+00:00,2026-06-07T06:59:35.463142+00:00,
category-writing-tools,CATEGORY,YES,229.300000,video_output\category-writing-tools\review_video.mp4,YES,YES,YES,DONE,UPLOADED,https://youtu.be/tUPPLMuSkwE,https://youtube.com/@SmileAIReviewHub,https://smileaireviewhub.com/category/writing-tools/,https://smileaireviewhub.com,Nguyen Quoc Tuan,LOW,2026-06-03T02:23:07.964496+00:00,2026-06-07T06:59:32.517994+00:00,2026-06-07T06:59:31.409390+00:00,
chatgpt,REVIEW,YES,186.466667,video_output\chatgpt\review_video.mp4,YES,YES,YES,DONE,NOT_UPLOADED,,https://youtube.com/@SmileAIReviewHub,https://smileaireviewhub.com/chatgpt/,https://smileaireviewhub.com,Nguyen Quoc Tuan,HIGH,2026-06-03T02:23:14.470711+00:00,2026-06-07T06:56:05.704867+00:00,2026-06-07T06:55:52.844123+00:00,
claude,REVIEW,YES,181.433333,video_output\claude\review_video.mp4,YES,YES,YES,DONE,NOT_UPLOADED,,https://youtube.com/@SmileAIReviewHub,https://smileaireviewhub.com/claude/,https://smileaireviewhub.com,Nguyen Quoc Tuan,HIGH,2026-06-03T02:23:14.787716+00:00,2026-06-07T06:54:57.790642+00:00,2026-06-07T06:54:46.129666+00:00,
compare-activecampaign-vs-mailchimp,COMPARISON,YES,220.433333,video_output\compare-activecampaign-vs-mailchimp\review_video.mp4,YES,YES,YES,DONE,UPLOADED,https://youtu.be/F8JLDaA9-fU,https://youtube.com/@SmileAIReviewHub,https://smileaireviewhub.com/compare/activecampaign-vs-mailchimp/,https://smileaireviewhub.com,Nguyen Quoc Tuan,LOW,2026-06-03T02:23:08.291895+00:00,2026-06-07T07:17:58.590176+00:00,2026-06-07T07:17:55.273394+00:00,
compare-canva-vs-adcreative-ai,COMPARISON,YES,208.433333,video_output\compare-canva-vs-adcreative-ai\review_video.mp4,YES,YES,YES,DONE,UPLOADED,https://youtu.be/UWB0_As8Wc0,https://youtube.com/@SmileAIReviewHub,https://smileaireviewhub.com/compare/canva-vs-adcreative-ai/,https://smileaireviewhub.com,Nguyen Quoc Tuan,LOW,2026-06-03T02:23:08.536521+00:00,2026-06-07T07:17:16.129102+00:00,2026-06-07T07:17:08.994128+00:00,
compare-chatgpt-vs-claude,ARTICLE,YES,215.000000,video_output\compare-chatgpt-vs-claude\review_video.mp4,YES,YES,YES,DONE,UPLOADED,https://youtu.be/hWOrIFvSyMA,https://youtube.com/@SmileAIReviewHub,https://smileaireviewhub.com/compare/chatgpt-vs-claude/,https://smileaireviewhub.com,Nguyen Quoc Tuan,LOW,2026-06-11T01:18:42.764373+00:00,2026-06-11T07:08:01.711265+00:00,2026-06-11T01:36:21.155662+00:00,
compare-cursor-vs-github-copilot,COMPARISON,YES,202.933333,video_output\compare-cursor-vs-github-copilot\review_video.mp4,YES,YES,YES,DONE,UPLOADED,https://youtu.be/uv0r8obfpjw,https://youtube.com/@SmileAIReviewHub,https://smileaireviewhub.com/compare/cursor-vs-github-copilot/,https://smileaireviewhub.com,Nguyen Quoc Tuan,LOW,2026-06-03T02:23:08.779703+00:00,2026-06-07T07:21:41.950240+00:00,2026-06-07T07:21:41.041324+00:00,
compare-cursor-vs-github-copilot-2026,ARTICLE,YES,206.500000,video_output\compare-cursor-vs-github-copilot-2026\review_video.mp4,YES,YES,YES,DONE,UPLOADED,https://youtu.be/L7wz3Z09QRM,https://youtube.com/@SmileAIReviewHub,https://smileaireviewhub.com/compare/cursor-vs-github-copilot-2026/,https://smileaireviewhub.com,Nguyen Quoc Tuan,LOW,2026-06-11T01:18:49.203995+00:00,2026-06-11T07:08:01.711265+00:00,2026-06-11T01:43:44.364566+00:00,
compare-cursor-vs-windsurf,COMPARISON,YES,205.600000,video_output\compare-cursor-vs-windsurf\review_video.mp4,YES,YES,YES,DONE,UPLOADED,https://youtu.be/_-Syvuy4D94,https://youtube.com/@SmileAIReviewHub,https://smileaireviewhub.com/compare/cursor-vs-windsurf/,https://smileaireviewhub.com,Nguyen Quoc Tuan,LOW,2026-06-03T02:23:09.012027+00:00,2026-06-07T07:21:48.439435+00:00,2026-06-07T07:21:47.554885+00:00,
compare-github-copilot-vs-codeium,COMPARISON,YES,207.066667,video_output\compare-github-copilot-vs-codeium\review_video.mp4,YES,YES,YES,DONE,NOT_UPLOADED,,https://youtube.com/@SmileAIReviewHub,https://smileaireviewhub.com/compare/github-copilot-vs-codeium/,https://smileaireviewhub.com,Nguyen Quoc Tuan,LOW,2026-06-03T02:23:09.230532+00:00,2026-06-07T07:43:34.770535+00:00,2026-06-07T07:43:33.435196+00:00,
compare-grammarly-vs-quillbot,COMPARISON,YES,204.200000,video_output\compare-grammarly-vs-quillbot\review_video.mp4,YES,YES,YES,DONE,NOT_UPLOADED,,https://youtube.com/@SmileAIReviewHub,https://smileaireviewhub.com/compare/grammarly-vs-quillbot/,https://smileaireviewhub.com,Nguyen Quoc Tuan,LOW,2026-06-03T02:23:09.512275+00:00,2026-06-07T07:43:33.070092+00:00,2026-06-07T07:43:31.412565+00:00,
compare-jasper-vs-copy-ai,COMPARISON,YES,206.600000,video_output\compare-jasper-vs-copy-ai\review_video.mp4,YES,YES,YES,DONE,NOT_UPLOADED,,https://youtube.com/@SmileAIReviewHub,https://smileaireviewhub.com/compare/jasper-vs-copy-ai/,https://smileaireviewhub.com,Nguyen Quoc Tuan,LOW,2026-06-03T02:23:09.746412+00:00,2026-06-07T07:43:33.185783+00:00,2026-06-07T07:43:31.870984+00:00,
compare-make-vs-zapier,COMPARISON,YES,209.166667,video_output\compare-make-vs-zapier\review_video.mp4,YES,YES,YES,DONE,NOT_UPLOADED,,https://youtube.com/@SmileAIReviewHub,https://smileaireviewhub.com/compare/make-vs-zapier/,https://smileaireviewhub.com,Nguyen Quoc Tuan,LOW,2026-06-03T02:23:09.996598+00:00,2026-06-07T07:43:35.885546+00:00,2026-06-07T07:43:34.813568+00:00,
compare-semrush-vs-ahrefs,COMPARISON,YES,205.433333,video_output\compare-semrush-vs-ahrefs\review_video.mp4,YES,YES,YES,DONE,NOT_UPLOADED,,https://youtube.com/@SmileAIReviewHub,https://smileaireviewhub.com/compare/semrush-vs-ahrefs/,https://smileaireviewhub.com,Nguyen Quoc Tuan,LOW,2026-06-03T02:23:10.230937+00:00,2026-06-07T08:02:04.179633+00:00,2026-06-07T08:02:03.375944+00:00,
compare-surfer-seo-vs-frase,ARTICLE,YES,368.158000,video_output\compare-surfer-seo-vs-frase\review_video.mp4,YES,YES,YES,DONE,UPLOADED,https://youtu.be/jhn2t-qJMkY,https://youtube.com/@SmileAIReviewHub,https://smileaireviewhub.com/comparisons/surfer-seo-vs-frase/,https://smileaireviewhub.com,Nguyen Quoc Tuan,LOW,2026-06-12T12:28:49.013560+00:00,2026-06-13T01:47:45.112353+00:00,2026-06-13T01:38:58.148097+00:00,
compare-synthesia-vs-pictory,COMPARISON,YES,209.000000,video_output\compare-synthesia-vs-pictory\review_video.mp4,YES,YES,YES,DONE,NOT_UPLOADED,,https://youtube.com/@SmileAIReviewHub,https://smileaireviewhub.com/compare/synthesia-vs-pictory/,https://smileaireviewhub.com,Nguyen Quoc Tuan,LOW,2026-06-03T02:23:10.433639+00:00,2026-06-07T08:01:58.810343+00:00,2026-06-07T08:01:57.776456+00:00,
copy-ai,REVIEW,YES,188.366667,video_output\copy-ai\review_video.mp4,YES,YES,YES,DONE,NOT_UPLOADED,,https://youtube.com/@SmileAIReviewHub,https://smileaireviewhub.com/copy-ai/,https://smileaireviewhub.com,Nguyen Quoc Tuan,MEDIUM,2026-06-03T02:23:15.105566+00:00,2026-06-07T08:00:32.726817+00:00,2026-06-07T08:00:28.553871+00:00,
cua-review-2026,ARTICLE,YES,162.100000,video_output\cua-review-2026\review_video.mp4,YES,YES,YES,DONE,UPLOADED,https://youtu.be/Cyx3j6iG4Do,https://youtube.com/@SmileAIReviewHub,https://smileaireviewhub.com/cua-review-2026/,https://smileaireviewhub.com,Nguyen Quoc Tuan,LOW,2026-06-15T12:16:21.094973+00:00,2026-06-18T00:04:55.692175+00:00,2026-06-15T12:48:52.811807+00:00,
cursor,REVIEW,YES,181.700000,video_output\cursor\review_video.mp4,YES,YES,YES,DONE,NOT_UPLOADED,,https://youtube.com/@SmileAIReviewHub,https://smileaireviewhub.com/cursor/,https://smileaireviewhub.com,Nguyen Quoc Tuan,HIGH,2026-06-03T02:23:15.491222+00:00,2026-06-07T07:59:59.003919+00:00,2026-06-07T07:59:54.505728+00:00,
descript,REVIEW,YES,184.833333,video_output\descript\review_video.mp4,YES,YES,YES,DONE,NOT_UPLOADED,,https://youtube.com/@SmileAIReviewHub,https://smileaireviewhub.com/descript/,https://smileaireviewhub.com,Nguyen Quoc Tuan,LOW,2026-06-03T02:23:15.793023+00:00,2026-06-07T08:20:50.968798+00:00,2026-06-07T08:20:49.591852+00:00,
durable,REVIEW,YES,182.833333,video_output\durable\review_video.mp4,YES,YES,YES,DONE,NOT_UPLOADED,,https://youtube.com/@SmileAIReviewHub,https://smileaireviewhub.com/durable/,https://smileaireviewhub.com,Nguyen Quoc Tuan,LOW,2026-06-03T02:23:16.106119+00:00,2026-06-07T08:20:39.310632+00:00,2026-06-07T08:20:37.436339+00:00,
elevenlabs,REVIEW,YES,189.500000,video_output\elevenlabs\review_video.mp4,YES,YES,YES,DONE,NOT_UPLOADED,,https://youtube.com/@SmileAIReviewHub,https://smileaireviewhub.com/elevenlabs/,https://smileaireviewhub.com,Nguyen Quoc Tuan,LOW,2026-06-03T02:23:16.417921+00:00,2026-06-07T08:20:55.292103+00:00,2026-06-07T08:20:54.348256+00:00,
framer,REVIEW,YES,182.966667,video_output\framer\review_video.mp4,YES,YES,YES,DONE,NOT_UPLOADED,,https://youtube.com/@SmileAIReviewHub,https://smileaireviewhub.com/framer/,https://smileaireviewhub.com,Nguyen Quoc Tuan,LOW,2026-06-03T02:23:16.730982+00:00,2026-06-07T08:20:44.915562+00:00,2026-06-07T08:20:43.212421+00:00,
frase,REVIEW,YES,181.433333,video_output\frase\review_video.mp4,YES,YES,YES,DONE,NOT_UPLOADED,,https://youtube.com/@SmileAIReviewHub,https://smileaireviewhub.com/frase/,https://smileaireviewhub.com,Nguyen Quoc Tuan,LOW,2026-06-03T02:23:17.051631+00:00,2026-06-07T08:35:18.924218+00:00,2026-06-07T08:35:13.542135+00:00,
gamma,REVIEW,YES,191.933333,video_output\gamma\review_video.mp4,YES,YES,YES,DONE,NOT_UPLOADED,,https://youtube.com/@SmileAIReviewHub,https://smileaireviewhub.com/gamma/,https://smileaireviewhub.com,Nguyen Quoc Tuan,LOW,2026-06-03T02:23:17.356329+00:00,2026-06-07T08:36:16.089003+00:00,2026-06-07T08:36:15.235052+00:00,
gemini,REVIEW,YES,182.766667,video_output\gemini\review_video.mp4,YES,YES,YES,DONE,NOT_UPLOADED,,https://youtube.com/@SmileAIReviewHub,https://smileaireviewhub.com/gemini/,https://smileaireviewhub.com,Nguyen Quoc Tuan,LOW,2026-06-03T02:23:17.658473+00:00,2026-06-07T08:36:10.372699+00:00,2026-06-07T08:36:09.318426+00:00,
github-copilot,REVIEW,YES,183.300000,video_output\github-copilot\review_video.mp4,YES,YES,YES,DONE,NOT_UPLOADED,,https://youtube.com/@SmileAIReviewHub,https://smileaireviewhub.com/github-copilot/,https://smileaireviewhub.com,Nguyen Quoc Tuan,LOW,2026-06-03T02:23:17.975642+00:00,2026-06-07T08:36:14.457274+00:00,2026-06-07T08:36:13.455793+00:00,
hidden-ai-infrastructure-companies-2026,EDUCATIONAL_ARTICLE,YES,312.434000,video_output\hidden-ai-infrastructure-companies-2026\review_video.mp4,YES,YES,YES,DONE,UPLOADED,https://youtu.be/zdQCqWSv4fM,https://youtube.com/@SmileAIReviewHub,https://smileaireviewhub.com/hidden-ai-infrastructure-companies-2026/,https://smileaireviewhub.com,Nguyen Quoc Tuan,LOW,2026-06-10T12:42:43.082454+00:00,2026-06-10T13:12:59.918482+00:00,2026-06-10T13:12:58.527368+00:00,
hubspot,REVIEW,YES,185.433333,video_output\hubspot\review_video.mp4,YES,YES,YES,DONE,NOT_UPLOADED,,https://youtube.com/@SmileAIReviewHub,https://smileaireviewhub.com/hubspot/,https://smileaireviewhub.com,Nguyen Quoc Tuan,LOW,2026-06-03T02:23:18.294070+00:00,2026-06-07T14:04:26.011411+00:00,2026-06-07T14:04:22.473422+00:00,
jasper,REVIEW,YES,182.400000,video_output\jasper\review_video.mp4,YES,YES,YES,DONE,NOT_UPLOADED,,https://youtube.com/@SmileAIReviewHub,https://smileaireviewhub.com/jasper/,https://smileaireviewhub.com,Nguyen Quoc Tuan,LOW,2026-06-03T02:23:18.590134+00:00,2026-06-07T14:04:15.314375+00:00,2026-06-07T14:04:13.871943+00:00,
jasper-ai,REVIEW,YES,181.800000,video_output\jasper-ai\review_video.mp4,YES,YES,YES,DONE,NOT_UPLOADED,,https://youtube.com/@SmileAIReviewHub,https://smileaireviewhub.com/jasper-ai/,https://smileaireviewhub.com,Nguyen Quoc Tuan,MEDIUM,2026-06-03T02:23:18.887421+00:00,2026-06-07T14:04:12.111031+00:00,2026-06-07T14:04:09.133415+00:00,
logs,SYSTEM,NO,,,NO,NO,NO,N/A,NOT_UPLOADED,,https://youtube.com/@SmileAIReviewHub,,https://smileaireviewhub.com,Nguyen Quoc Tuan,,2026-06-03T02:23:05.871821+00:00,2026-06-15T13:11:23.597868+00:00,,
lovable,REVIEW,YES,179.866667,video_output\lovable\review_video.mp4,YES,YES,YES,DONE,NOT_UPLOADED,,https://youtube.com/@SmileAIReviewHub,https://smileaireviewhub.com/lovable/,https://smileaireviewhub.com,Nguyen Quoc Tuan,HIGH,2026-06-03T02:23:19.262175+00:00,2026-06-07T14:04:12.227241+00:00,2026-06-07T14:04:05.624326+00:00,
make,REVIEW,YES,182.900000,video_output\make\review_video.mp4,YES,YES,YES,DONE,NOT_UPLOADED,,https://youtube.com/@SmileAIReviewHub,https://smileaireviewhub.com/make/,https://smileaireviewhub.com,Nguyen Quoc Tuan,LOW,2026-06-03T02:23:19.572180+00:00,2026-06-07T14:21:11.514744+00:00,2026-06-07T14:21:09.146315+00:00,
manifests,SYSTEM,NO,,,NO,NO,NO,N/A,NOT_UPLOADED,,https://youtube.com/@SmileAIReviewHub,,https://smileaireviewhub.com,Nguyen Quoc Tuan,,2026-06-03T02:23:05.871821+00:00,2026-06-15T13:11:23.595874+00:00,,
midjourney,REVIEW,YES,181.300000,video_output\midjourney\review_video.mp4,YES,YES,YES,DONE,NOT_UPLOADED,,https://youtube.com/@SmileAIReviewHub,https://smileaireviewhub.com/midjourney/,https://smileaireviewhub.com,Nguyen Quoc Tuan,HIGH,2026-06-03T02:23:19.888908+00:00,2026-06-07T14:21:11.702194+00:00,2026-06-07T14:21:10.525703+00:00,
notion,REVIEW,YES,187.833333,video_output\notion\review_video.mp4,YES,YES,YES,DONE,NOT_UPLOADED,,https://youtube.com/@SmileAIReviewHub,https://smileaireviewhub.com/notion/,https://smileaireviewhub.com,Nguyen Quoc Tuan,LOW,2026-06-03T02:23:20.203807+00:00,2026-06-07T14:21:23.898061+00:00,2026-06-07T14:21:22.769916+00:00,
notion-ai,REVIEW,YES,182.766667,video_output\notion-ai\review_video.mp4,YES,YES,YES,DONE,NOT_UPLOADED,,https://youtube.com/@SmileAIReviewHub,https://smileaireviewhub.com/notion-ai/,https://smileaireviewhub.com,Nguyen Quoc Tuan,LOW,2026-06-03T02:23:20.527190+00:00,2026-06-07T14:21:14.951563+00:00,2026-06-07T14:21:13.365699+00:00,
perplexity,REVIEW,YES,182.900000,video_output\perplexity\review_video.mp4,YES,YES,YES,DONE,NOT_UPLOADED,,https://youtube.com/@SmileAIReviewHub,https://smileaireviewhub.com/perplexity/,https://smileaireviewhub.com,Nguyen Quoc Tuan,LOW,2026-06-03T02:23:20.839826+00:00,2026-06-07T14:44:40.793047+00:00,2026-06-07T14:44:35.568691+00:00,
pipedrive,REVIEW,YES,188.866667,video_output\pipedrive\review_video.mp4,YES,YES,YES,DONE,NOT_UPLOADED,,https://youtube.com/@SmileAIReviewHub,https://smileaireviewhub.com/pipedrive/,https://smileaireviewhub.com,Nguyen Quoc Tuan,LOW,2026-06-03T02:23:21.162824+00:00,2026-06-07T14:45:05.996812+00:00,2026-06-07T14:45:02.999523+00:00,
pipedrive-crm,REVIEW,YES,193.233333,video_output\pipedrive-crm\review_video.mp4,YES,YES,YES,DONE,NOT_UPLOADED,,https://youtube.com/@SmileAIReviewHub,https://smileaireviewhub.com/pipedrive-crm/,https://smileaireviewhub.com,Nguyen Quoc Tuan,LOW,2026-06-03T02:23:21.478086+00:00,2026-06-07T14:45:15.887161+00:00,2026-06-07T14:45:12.719251+00:00,
pricing-activecampaign,PRICING,YES,209.133333,video_output\pricing-activecampaign\review_video.mp4,YES,YES,YES,DONE,NOT_UPLOADED,,https://youtube.com/@SmileAIReviewHub,https://smileaireviewhub.com/pricing/activecampaign/,https://smileaireviewhub.com,Nguyen Quoc Tuan,LOW,2026-06-03T02:23:10.662605+00:00,2026-06-07T14:46:32.496531+00:00,2026-06-07T14:46:30.629820+00:00,
pricing-canva,PRICING,YES,206.366667,video_output\pricing-canva\review_video.mp4,YES,YES,YES,DONE,NOT_UPLOADED,,https://youtube.com/@SmileAIReviewHub,https://smileaireviewhub.com/pricing/canva/,https://smileaireviewhub.com,Nguyen Quoc Tuan,LOW,2026-06-03T02:23:10.867364+00:00,2026-06-07T15:01:07.432796+00:00,2026-06-07T15:01:02.203548+00:00,
pricing-cursor,PRICING,YES,203.600000,video_output\pricing-cursor\review_video.mp4,YES,YES,YES,DONE,NOT_UPLOADED,,https://youtube.com/@SmileAIReviewHub,https://smileaireviewhub.com/pricing/cursor/,https://smileaireviewhub.com,Nguyen Quoc Tuan,HIGH,2026-06-03T02:23:11.067937+00:00,2026-06-07T15:01:37.840063+00:00,2026-06-07T15:01:34.950740+00:00,
pricing-github-copilot,PRICING,YES,206.266667,video_output\pricing-github-copilot\review_video.mp4,YES,YES,YES,DONE,NOT_UPLOADED,,https://youtube.com/@SmileAIReviewHub,https://smileaireviewhub.com/pricing/github-copilot/,https://smileaireviewhub.com,Nguyen Quoc Tuan,LOW,2026-06-03T02:23:11.359185+00:00,2026-06-07T15:01:51.646556+00:00,2026-06-07T15:01:49.456626+00:00,
pricing-grammarly,PRICING,YES,204.766667,video_output\pricing-grammarly\review_video.mp4,YES,YES,YES,DONE,NOT_UPLOADED,,https://youtube.com/@SmileAIReviewHub,https://smileaireviewhub.com/pricing/grammarly/,https://smileaireviewhub.com,Nguyen Quoc Tuan,MEDIUM,2026-06-03T02:23:11.559302+00:00,2026-06-07T15:03:55.455323+00:00,2026-06-07T15:03:54.606835+00:00,
pricing-mailchimp,PRICING,YES,206.266667,video_output\pricing-mailchimp\review_video.mp4,YES,YES,YES,DONE,NOT_UPLOADED,,https://youtube.com/@SmileAIReviewHub,https://smileaireviewhub.com/pricing/mailchimp/,https://smileaireviewhub.com,Nguyen Quoc Tuan,LOW,2026-06-03T02:23:11.762213+00:00,2026-06-08T01:07:42.239366+00:00,2026-06-08T01:07:41.015229+00:00,
pricing-make,PRICING,YES,202.600000,video_output\pricing-make\review_video.mp4,YES,YES,YES,DONE,NOT_UPLOADED,,https://youtube.com/@SmileAIReviewHub,https://smileaireviewhub.com/pricing/make/,https://smileaireviewhub.com,Nguyen Quoc Tuan,LOW,2026-06-03T02:23:11.985295+00:00,2026-06-08T01:07:42.339073+00:00,2026-06-08T01:07:41.042264+00:00,
pricing-pictory,PRICING,YES,199.633333,video_output\pricing-pictory\review_video.mp4,YES,YES,YES,DONE,NOT_UPLOADED,,https://youtube.com/@SmileAIReviewHub,https://smileaireviewhub.com/pricing/pictory/,https://smileaireviewhub.com,Nguyen Quoc Tuan,LOW,2026-06-03T02:23:12.198631+00:00,2026-06-08T01:07:36.848028+00:00,2026-06-08T01:07:32.472228+00:00,
pricing-semrush,PRICING,YES,204.666667,video_output\pricing-semrush\review_video.mp4,YES,YES,YES,DONE,NOT_UPLOADED,,https://youtube.com/@SmileAIReviewHub,https://smileaireviewhub.com/pricing/semrush/,https://smileaireviewhub.com,Nguyen Quoc Tuan,MEDIUM,2026-06-03T02:23:12.399530+00:00,2026-06-08T01:07:42.478661+00:00,2026-06-08T01:07:40.601946+00:00,
pricing-surfer-seo,PRICING,YES,211.533333,video_output\pricing-surfer-seo\review_video.mp4,YES,YES,YES,DONE,UPLOADED,https://youtu.be/jWnyDTWniHU,https://youtube.com/@SmileAIReviewHub,https://smileaireviewhub.com/pricing/surfer-seo/,https://smileaireviewhub.com,Nguyen Quoc Tuan,MEDIUM,2026-06-08T12:41:05.727826+00:00,2026-06-08T14:03:43.669407+00:00,2026-06-08T14:03:41.905148+00:00,
pricing-zapier,PRICING,YES,205.166667,video_output\pricing-zapier\review_video.mp4,YES,YES,YES,DONE,NOT_UPLOADED,,https://youtube.com/@SmileAIReviewHub,https://smileaireviewhub.com/pricing/zapier/,https://smileaireviewhub.com,Nguyen Quoc Tuan,LOW,2026-06-03T02:23:12.621661+00:00,2026-06-08T01:22:26.985456+00:00,2026-06-08T01:22:26.034640+00:00,
productivity-software-comparison,ARTICLE,YES,164.267000,video_output\productivity-software-comparison\review_video.mp4,YES,YES,YES,DONE,UPLOADED,https://youtu.be/cFoXxCvqQE0,https://youtube.com/@SmileAIReviewHub,https://smileaireviewhub.com/productivity-software-comparison/,https://smileaireviewhub.com,Nguyen Quoc Tuan,LOW,2026-06-15T12:16:22.210591+00:00,2026-06-18T00:04:55.692175+00:00,2026-06-15T13:03:55.526765+00:00,
reclaim-ai,REVIEW,YES,179.666667,video_output\reclaim-ai\review_video.mp4,YES,YES,YES,DONE,NOT_UPLOADED,,https://youtube.com/@SmileAIReviewHub,https://smileaireviewhub.com/reclaim-ai/,https://smileaireviewhub.com,Nguyen Quoc Tuan,LOW,2026-06-03T02:23:21.793119+00:00,2026-06-08T01:21:37.968399+00:00,2026-06-08T01:21:34.764702+00:00,
replit,REVIEW,YES,182.433333,video_output\replit\review_video.mp4,YES,YES,YES,DONE,NOT_UPLOADED,,https://youtube.com/@SmileAIReviewHub,https://smileaireviewhub.com/replit/,https://smileaireviewhub.com,Nguyen Quoc Tuan,LOW,2026-06-03T02:23:22.090405+00:00,2026-06-08T01:21:40.963342+00:00,2026-06-08T01:21:37.988242+00:00,
review-activecampaign,REVIEW,YES,207.066667,video_output\review-activecampaign\review_video.mp4,YES,YES,YES,DONE,UPLOADED,https://youtu.be/JFf3AzWnJi8,https://youtube.com/@SmileAIReviewHub,https://smileaireviewhub.com/review/activecampaign/,https://smileaireviewhub.com,Nguyen Quoc Tuan,LOW,2026-06-03T02:23:22.329528+00:00,2026-06-06T14:34:27.196969+00:00,2026-06-06T14:34:25.498989+00:00,
review-adcreative-ai,REVIEW,YES,201.266667,video_output\review-adcreative-ai\review_video.mp4,YES,YES,YES,DONE,UPLOADED,https://youtu.be/vzw9kB56f5g,https://youtube.com/@SmileAIReviewHub,https://smileaireviewhub.com/review/adcreative-ai/,https://smileaireviewhub.com,Nguyen Quoc Tuan,LOW,2026-06-03T02:23:22.574104+00:00,2026-06-06T14:34:09.144650+00:00,2026-06-06T14:34:07.187740+00:00,
review-adcreative-ai-review-2026,ARTICLE,YES,211.434000,video_output\review-adcreative-ai-review-2026\review_video.mp4,YES,YES,YES,DONE,UPLOADED,https://youtu.be/pPPuXN1ELCg,https://youtube.com/@SmileAIReviewHub,https://smileaireviewhub.com/review/adcreative-ai-review-2026/,https://smileaireviewhub.com,Nguyen Quoc Tuan,LOW,2026-06-11T01:19:02.868988+00:00,2026-06-11T07:08:01.726886+00:00,2026-06-11T06:52:27.498958+00:00,
review-ahrefs-ai,REVIEW,YES,195.666667,video_output\review-ahrefs-ai\review_video.mp4,YES,YES,YES,DONE,UPLOADED,https://youtu.be/Y7fSXqbdizM,https://youtube.com/@SmileAIReviewHub,https://smileaireviewhub.com/review/ahrefs-ai/,https://smileaireviewhub.com,Nguyen Quoc Tuan,MEDIUM,2026-06-03T02:23:22.841933+00:00,2026-06-06T14:33:56.563093+00:00,2026-06-06T14:33:52.051629+00:00,
review-aweber-review-2026,REVIEW,YES,205.000000,video_output\review-aweber-review-2026\review_video.mp4,YES,YES,YES,DONE,UPLOADED,https://youtu.be/ETacDOtgYRI,https://youtube.com/@SmileAIReviewHub,https://smileaireviewhub.com/aweber-review-2026/,https://smileaireviewhub.com,Nguyen Quoc Tuan,LOW,2026-06-10T02:49:44.868244+00:00,2026-06-10T03:08:28.811779+00:00,2026-06-10T03:08:26.076972+00:00,
review-beehiiv-review-2026,REVIEW,YES,201.067000,video_output\review-beehiiv-review-2026\review_video.mp4,YES,YES,YES,DONE,NOT_UPLOADED,,https://youtube.com/@SmileAIReviewHub,https://smileaireviewhub.com/review/beehiiv-review/2026/,https://smileaireviewhub.com,Nguyen Quoc Tuan,LOW,2026-06-13T11:38:01.160412+00:00,2026-06-13T12:49:32.551693+00:00,2026-06-13T12:49:26.152857+00:00,
review-bolt,REVIEW,YES,198.100000,video_output\review-bolt\review_video.mp4,YES,YES,YES,DONE,NOT_UPLOADED,,https://youtube.com/@SmileAIReviewHub,https://smileaireviewhub.com/review/bolt/,https://smileaireviewhub.com,Nguyen Quoc Tuan,HIGH,2026-06-03T02:23:23.089535+00:00,2026-06-06T14:48:20.480745+00:00,2026-06-06T14:48:18.661592+00:00,
review-bolt-ai-review-2026,REVIEW,YES,194.533333,video_output\review-bolt-ai-review-2026\review_video.mp4,YES,YES,YES,DONE,UPLOADED,https://youtu.be/XbMZi9BATq4,https://youtube.com/@SmileAIReviewHub,https://smileaireviewhub.com/bolt-ai-review-2026/,https://smileaireviewhub.com,Nguyen Quoc Tuan,LOW,2026-06-08T13:18:19.045109+00:00,2026-06-08T14:16:52.482232+00:00,2026-06-08T14:16:50.811549+00:00,
review-brevo-review-2026,REVIEW,YES,209.366667,video_output\review-brevo-review-2026\review_video.mp4,YES,YES,YES,DONE,UPLOADED,https://youtu.be/ZymOIDGp2h4,https://youtube.com/@SmileAIReviewHub,https://smileaireviewhub.com/brevo-review-2026/,https://smileaireviewhub.com,Nguyen Quoc Tuan,LOW,2026-06-09T06:47:50.785530+00:00,2026-06-09T06:55:30.949058+00:00,2026-06-09T06:55:29.620776+00:00,
review-bunny-net-review-2026,REVIEW,YES,202.400000,video_output\review-bunny-net-review-2026\review_video.mp4,YES,YES,YES,DONE,NOT_UPLOADED,,https://youtube.com/@SmileAIReviewHub,https://smileaireviewhub.com/review/bunny-net-review/2026/,https://smileaireviewhub.com,Nguyen Quoc Tuan,LOW,2026-06-13T11:38:01.144783+00:00,2026-06-13T12:49:39.932264+00:00,2026-06-13T12:49:34.207086+00:00,
review-canva,REVIEW,YES,191.033333,video_output\review-canva\review_video.mp4,YES,YES,YES,DONE,NOT_UPLOADED,,https://youtube.com/@SmileAIReviewHub,https://smileaireviewhub.com/review/canva/,https://smileaireviewhub.com,Nguyen Quoc Tuan,LOW,2026-06-03T02:23:23.327153+00:00,2026-06-06T14:48:26.696184+00:00,2026-06-06T14:48:25.154417+00:00,
review-chatgpt,REVIEW,YES,203.100000,video_output\review-chatgpt\review_video.mp4,YES,YES,YES,DONE,UPLOADED,https://youtu.be/E3pYHYHZIqk,https://youtube.com/@SmileAIReviewHub,https://smileaireviewhub.com/review/chatgpt/,https://smileaireviewhub.com,Nguyen Quoc Tuan,HIGH,2026-06-03T02:23:23.464204+00:00,2026-06-08T05:33:54.337362+00:00,2026-06-08T05:33:52.931593+00:00,
review-claude,REVIEW,YES,194.000000,video_output\review-claude\review_video.mp4,YES,YES,YES,DONE,NOT_UPLOADED,,https://youtube.com/@SmileAIReviewHub,https://smileaireviewhub.com/review/claude/,https://smileaireviewhub.com,Nguyen Quoc Tuan,HIGH,2026-06-03T02:23:23.777003+00:00,2026-06-06T14:48:45.251665+00:00,2026-06-06T14:48:43.471137+00:00,
review-clickfunnels-review-2026,REVIEW,YES,212.233333,video_output\review-clickfunnels-review-2026\review_video.mp4,YES,YES,YES,DONE,UPLOADED,https://youtu.be/QUTjvi4szcU,https://youtube.com/@SmileAIReviewHub,https://smileaireviewhub.com/clickfunnels-review-2026/,https://smileaireviewhub.com,Nguyen Quoc Tuan,LOW,2026-06-09T06:27:44.988891+00:00,2026-06-09T06:36:51.696017+00:00,2026-06-09T06:36:49.477204+00:00,
review-constant-contact-review-2026,REVIEW,YES,215.600000,video_output\review-constant-contact-review-2026\review_video.mp4,YES,YES,YES,DONE,UPLOADED,https://youtu.be/pmqpYFdJPiY,https://youtube.com/@SmileAIReviewHub,https://smileaireviewhub.com/constant-contact-review-2026/,https://smileaireviewhub.com,Nguyen Quoc Tuan,LOW,2026-06-10T02:49:44.718647+00:00,2026-06-10T03:08:40.598531+00:00,2026-06-10T03:08:39.654389+00:00,
review-convertkit-review-2026,REVIEW,YES,211.600000,video_output\review-convertkit-review-2026\review_video.mp4,YES,YES,YES,DONE,UPLOADED,https://youtu.be/k3N3TqFHGFs,https://youtube.com/@SmileAIReviewHub,https://smileaireviewhub.com/convertkit-review-2026/,https://smileaireviewhub.com,Nguyen Quoc Tuan,LOW,2026-06-09T06:36:59.282903+00:00,2026-06-09T06:47:40.762192+00:00,2026-06-09T06:47:37.025879+00:00,
review-copy-ai,REVIEW,YES,197.966667,video_output\review-copy-ai\review_video.mp4,YES,YES,YES,DONE,NOT_UPLOADED,,https://youtube.com/@SmileAIReviewHub,https://smileaireviewhub.com/review/copy-ai/,https://smileaireviewhub.com,Nguyen Quoc Tuan,MEDIUM,2026-06-03T02:23:23.996581+00:00,2026-06-06T14:50:00.428683+00:00,2026-06-06T14:49:59.587121+00:00,
review-cursor,REVIEW,YES,195.200000,video_output\review-cursor\review_video.mp4,YES,YES,YES,DONE,NOT_UPLOADED,,https://youtube.com/@SmileAIReviewHub,https://smileaireviewhub.com/review/cursor/,https://smileaireviewhub.com,Nguyen Quoc Tuan,HIGH,2026-06-03T02:23:24.246336+00:00,2026-06-06T22:44:37.207297+00:00,2026-06-06T22:44:30.665877+00:00,
review-descript,REVIEW,YES,191.000000,video_output\review-descript\review_video.mp4,YES,YES,YES,DONE,NOT_UPLOADED,,https://youtube.com/@SmileAIReviewHub,https://smileaireviewhub.com/review/descript/,https://smileaireviewhub.com,Nguyen Quoc Tuan,LOW,2026-06-03T02:23:24.511881+00:00,2026-06-06T23:06:53.158717+00:00,2026-06-06T23:06:48.421441+00:00,
review-durable,REVIEW,YES,194.400000,video_output\review-durable\review_video.mp4,YES,YES,YES,DONE,NOT_UPLOADED,,https://youtube.com/@SmileAIReviewHub,https://smileaireviewhub.com/review/durable/,https://smileaireviewhub.com,Nguyen Quoc Tuan,LOW,2026-06-03T02:23:24.740026+00:00,2026-06-06T22:44:37.405403+00:00,2026-06-06T22:44:29.024682+00:00,
review-durable-ai-review-2026,ARTICLE,YES,202.800000,video_output\review-durable-ai-review-2026\review_video.mp4,YES,YES,YES,DONE,UPLOADED,https://youtu.be/ujUi8iT5XqA,https://youtube.com/@SmileAIReviewHub,https://smileaireviewhub.com/review/durable-ai-review-2026/,https://smileaireviewhub.com,Nguyen Quoc Tuan,LOW,2026-06-11T01:19:31.874481+00:00,2026-06-11T07:08:01.726886+00:00,2026-06-11T07:07:04.285319+00:00,
review-elevenlabs,REVIEW,YES,193.000000,video_output\review-elevenlabs\review_video.mp4,YES,YES,YES,DONE,NOT_UPLOADED,,https://youtube.com/@SmileAIReviewHub,https://smileaireviewhub.com/review/elevenlabs/,https://smileaireviewhub.com,Nguyen Quoc Tuan,LOW,2026-06-03T02:23:24.980558+00:00,2026-06-06T22:44:37.483489+00:00,2026-06-06T22:44:35.824171+00:00,
review-fathom-analytics-review-2026,REVIEW,YES,209.034000,video_output\review-fathom-analytics-review-2026\review_video.mp4,YES,YES,YES,DONE,NOT_UPLOADED,,https://youtube.com/@SmileAIReviewHub,https://smileaireviewhub.com/review/fathom-analytics-review/2026/,https://smileaireviewhub.com,Nguyen Quoc Tuan,LOW,2026-06-13T11:38:01.129160+00:00,2026-06-13T12:50:03.200658+00:00,2026-06-13T12:50:00.845352+00:00,
review-framer,REVIEW,YES,194.333333,video_output\review-framer\review_video.mp4,YES,YES,YES,DONE,NOT_UPLOADED,,https://youtube.com/@SmileAIReviewHub,https://smileaireviewhub.com/review/framer/,https://smileaireviewhub.com,Nguyen Quoc Tuan,LOW,2026-06-03T02:23:25.218963+00:00,2026-06-06T22:44:49.556384+00:00,2026-06-06T22:44:47.665943+00:00,
review-frase,REVIEW,YES,196.033333,video_output\review-frase\review_video.mp4,YES,YES,YES,DONE,NOT_UPLOADED,,https://youtube.com/@SmileAIReviewHub,https://smileaireviewhub.com/review/frase/,https://smileaireviewhub.com,Nguyen Quoc Tuan,LOW,2026-06-03T02:23:25.449628+00:00,2026-06-06T22:58:57.562038+00:00,2026-06-06T22:58:56.333714+00:00,
review-gamma,REVIEW,YES,194.566667,video_output\review-gamma\review_video.mp4,YES,YES,YES,DONE,NOT_UPLOADED,,https://youtube.com/@SmileAIReviewHub,https://smileaireviewhub.com/review/gamma/,https://smileaireviewhub.com,Nguyen Quoc Tuan,LOW,2026-06-03T02:23:25.698968+00:00,2026-06-06T22:58:57.640146+00:00,2026-06-06T22:58:56.196751+00:00,
review-gemini,REVIEW,YES,194.800000,video_output\review-gemini\review_video.mp4,YES,YES,YES,DONE,NOT_UPLOADED,,https://youtube.com/@SmileAIReviewHub,https://smileaireviewhub.com/review/gemini/,https://smileaireviewhub.com,Nguyen Quoc Tuan,LOW,2026-06-03T02:23:25.946531+00:00,2026-06-06T22:58:59.246538+00:00,2026-06-06T22:58:57.896528+00:00,
review-getresponse-review-2026,REVIEW,YES,212.500000,video_output\review-getresponse-review-2026\review_video.mp4,YES,YES,YES,DONE,UPLOADED,https://youtu.be/ykNNAwSg4jE,https://youtube.com/@SmileAIReviewHub,https://smileaireviewhub.com/getresponse-review-2026/,https://smileaireviewhub.com,Nguyen Quoc Tuan,LOW,2026-06-09T06:11:50.941811+00:00,2026-06-09T06:19:30.351249+00:00,2026-06-09T06:19:27.804932+00:00,
review-github-copilot,REVIEW,YES,197.033333,video_output\review-github-copilot\review_video.mp4,YES,YES,YES,DONE,NOT_UPLOADED,,https://youtube.com/@SmileAIReviewHub,https://smileaireviewhub.com/review/github-copilot/,https://smileaireviewhub.com,Nguyen Quoc Tuan,LOW,2026-06-03T02:23:26.199327+00:00,2026-06-07T00:21:25.497930+00:00,2026-06-07T00:21:25.080516+00:00,
review-grammarly-review-2026,REVIEW,YES,209.466667,video_output\review-grammarly-review-2026\review_video.mp4,YES,YES,YES,DONE,UPLOADED,https://youtu.be/YIToXwFJAKo,https://youtube.com/@SmileAIReviewHub,https://smileaireviewhub.com/grammarly-review-2026/,https://smileaireviewhub.com,Nguyen Quoc Tuan,LOW,2026-06-09T07:09:52.616140+00:00,2026-06-09T07:15:59.486900+00:00,2026-06-09T07:15:57.805244+00:00,
review-hostinger-website-builder-review-2026,REVIEW,YES,211.900000,video_output\review-hostinger-website-builder-review-2026\review_video.mp4,YES,YES,YES,DONE,UPLOADED,https://youtu.be/mqpESSAwFKc,https://youtube.com/@SmileAIReviewHub,https://smileaireviewhub.com/hostinger-website-builder-review-2026/,https://smileaireviewhub.com,Nguyen Quoc Tuan,LOW,2026-06-09T07:22:19.594972+00:00,2026-06-09T07:28:33.403867+00:00,2026-06-09T07:28:31.909344+00:00,
review-hubspot,REVIEW,YES,201.300000,video_output\review-hubspot\review_video.mp4,YES,YES,YES,DONE,NOT_UPLOADED,,https://youtube.com/@SmileAIReviewHub,https://smileaireviewhub.com/review/hubspot/,https://smileaireviewhub.com,Nguyen Quoc Tuan,LOW,2026-06-03T02:23:26.417684+00:00,2026-06-07T00:21:36.323724+00:00,2026-06-07T00:21:34.537735+00:00,
review-hubspot-review-2026,REVIEW,YES,207.500000,video_output\review-hubspot-review-2026\review_video.mp4,YES,YES,YES,DONE,UPLOADED,https://youtu.be/jNO_V5dLzPs,https://youtube.com/@SmileAIReviewHub,https://smileaireviewhub.com/hubspot-review-2026/,https://smileaireviewhub.com,Nguyen Quoc Tuan,LOW,2026-06-10T02:49:44.798431+00:00,2026-06-10T03:08:37.726757+00:00,2026-06-10T03:08:35.100660+00:00,
review-jasper,REVIEW,YES,195.200000,video_output\review-jasper\review_video.mp4,YES,YES,YES,DONE,NOT_UPLOADED,,https://youtube.com/@SmileAIReviewHub,https://smileaireviewhub.com/review/jasper/,https://smileaireviewhub.com,Nguyen Quoc Tuan,LOW,2026-06-03T02:23:26.667723+00:00,2026-06-07T00:21:23.421813+00:00,2026-06-07T00:21:21.602767+00:00,
review-jasper-ai,REVIEW,YES,194.866667,video_output\review-jasper-ai\review_video.mp4,YES,YES,YES,DONE,NOT_UPLOADED,,https://youtube.com/@SmileAIReviewHub,https://smileaireviewhub.com/review/jasper-ai/,https://smileaireviewhub.com,Nguyen Quoc Tuan,MEDIUM,2026-06-03T02:23:26.902014+00:00,2026-06-07T00:21:25.700990+00:00,2026-06-07T00:21:23.815538+00:00,
review-jasper-ai-review-2026,REVIEW,YES,199.900000,video_output\review-jasper-ai-review-2026\review_video.mp4,YES,YES,YES,DONE,UPLOADED,https://youtu.be/3EW_AYh4mm8,https://youtube.com/@SmileAIReviewHub,https://smileaireviewhub.com/jasper-ai-review-2026/,https://smileaireviewhub.com,Nguyen Quoc Tuan,LOW,2026-06-10T03:28:29.466779+00:00,2026-06-10T03:45:38.161328+00:00,2026-06-10T03:45:34.025585+00:00,
review-keysearch-review-2026,REVIEW,YES,200.900000,video_output\review-keysearch-review-2026\review_video.mp4,YES,YES,YES,DONE,NOT_UPLOADED,,https://youtube.com/@SmileAIReviewHub,https://smileaireviewhub.com/review/keysearch-review/2026/,https://smileaireviewhub.com,Nguyen Quoc Tuan,LOW,2026-06-13T11:38:01.071930+00:00,2026-06-13T13:05:07.660460+00:00,2026-06-13T13:05:03.973329+00:00,
review-leadpages-review-2026,REVIEW,YES,200.734000,video_output\review-leadpages-review-2026\review_video.mp4,YES,YES,YES,DONE,UPLOADED,https://youtu.be/IZi46Pc58cY,https://youtube.com/@SmileAIReviewHub,https://smileaireviewhub.com/leadpages-review-2026/,https://smileaireviewhub.com,Nguyen Quoc Tuan,LOW,2026-06-10T03:28:29.450822+00:00,2026-06-10T03:45:43.826128+00:00,2026-06-10T03:45:41.405239+00:00,
review-link-whisper-review-2026,REVIEW,YES,197.767000,video_output\review-link-whisper-review-2026\review_video.mp4,YES,YES,YES,DONE,NOT_UPLOADED,,https://youtube.com/@SmileAIReviewHub,https://smileaireviewhub.com/review/link-whisper-review/2026/,https://smileaireviewhub.com,Nguyen Quoc Tuan,LOW,2026-06-13T11:38:01.085694+00:00,2026-06-13T13:04:53.485183+00:00,2026-06-13T13:04:44.455177+00:00,
review-lovable,REVIEW,YES,197.433333,video_output\review-lovable\review_video.mp4,YES,YES,YES,DONE,NOT_UPLOADED,,https://youtube.com/@SmileAIReviewHub,https://smileaireviewhub.com/review/lovable/,https://smileaireviewhub.com,Nguyen Quoc Tuan,HIGH,2026-06-03T02:23:27.167254+00:00,2026-06-07T00:37:22.601360+00:00,2026-06-07T00:37:20.540261+00:00,
review-lowfruits-review-2026,REVIEW,YES,201.134000,video_output\review-lowfruits-review-2026\review_video.mp4,YES,YES,YES,DONE,NOT_UPLOADED,,https://youtube.com/@SmileAIReviewHub,https://smileaireviewhub.com/review/lowfruits-review/2026/,https://smileaireviewhub.com,Nguyen Quoc Tuan,LOW,2026-06-13T11:38:01.047807+00:00,2026-06-13T13:05:13.534464+00:00,2026-06-13T13:05:11.471033+00:00,
review-mailerlite-review-2026,REVIEW,YES,211.433333,video_output\review-mailerlite-review-2026\review_video.mp4,YES,YES,YES,DONE,UPLOADED,https://youtu.be/G3qiemm2W4g,https://youtube.com/@SmileAIReviewHub,https://smileaireviewhub.com/mailerlite-review-2026/,https://smileaireviewhub.com,Nguyen Quoc Tuan,LOW,2026-06-09T07:16:04.602969+00:00,2026-06-09T07:22:14.287649+00:00,2026-06-09T07:22:12.476672+00:00,
review-make,REVIEW,YES,186.666667,video_output\review-make\review_video.mp4,YES,YES,YES,DONE,NOT_UPLOADED,,https://youtube.com/@SmileAIReviewHub,https://smileaireviewhub.com/review/make/,https://smileaireviewhub.com,Nguyen Quoc Tuan,LOW,2026-06-03T02:23:27.403748+00:00,2026-06-07T00:37:14.889749+00:00,2026-06-07T00:37:12.006962+00:00,
review-mangools-review-2026,REVIEW,YES,208.133333,video_output\review-mangools-review-2026\review_video.mp4,YES,YES,YES,DONE,UPLOADED,https://youtu.be/YjwtH6czsno,https://youtube.com/@SmileAIReviewHub,https://smileaireviewhub.com/mangools-review-2026/,https://smileaireviewhub.com,Nguyen Quoc Tuan,LOW,2026-06-09T07:03:25.244720+00:00,2026-06-09T07:09:46.489769+00:00,2026-06-09T07:09:43.868042+00:00,
review-midjourney,REVIEW,YES,198.500000,video_output\review-midjourney\review_video.mp4,YES,YES,YES,DONE,NOT_UPLOADED,,https://youtube.com/@SmileAIReviewHub,https://smileaireviewhub.com/review/midjourney/,https://smileaireviewhub.com,Nguyen Quoc Tuan,HIGH,2026-06-03T02:23:27.724490+00:00,2026-06-07T00:37:31.268095+00:00,2026-06-07T00:37:29.911414+00:00,
review-moz-review-2026,REVIEW,YES,203.334000,video_output\review-moz-review-2026\review_video.mp4,YES,YES,YES,DONE,UPLOADED,https://youtu.be/c1OEkwn9kPw,https://youtube.com/@SmileAIReviewHub,https://smileaireviewhub.com/moz-review-2026/,https://smileaireviewhub.com,Nguyen Quoc Tuan,LOW,2026-06-10T03:09:36.037684+00:00,2026-06-10T03:27:40.381906+00:00,2026-06-10T03:27:35.420706+00:00,
review-neuronwriter-review-2026,REVIEW,YES,202.534000,video_output\review-neuronwriter-review-2026\review_video.mp4,YES,YES,YES,DONE,NOT_UPLOADED,,https://youtube.com/@SmileAIReviewHub,https://smileaireviewhub.com/neuronwriter-review-2026/,https://smileaireviewhub.com,Nguyen Quoc Tuan,LOW,2026-06-13T11:38:01.030796+00:00,2026-06-13T12:29:53.107939+00:00,2026-06-13T12:29:47.573677+00:00,
review-notion,REVIEW,YES,195.433333,video_output\review-notion\review_video.mp4,YES,YES,YES,DONE,NOT_UPLOADED,,https://youtube.com/@SmileAIReviewHub,https://smileaireviewhub.com/review/notion/,https://smileaireviewhub.com,Nguyen Quoc Tuan,LOW,2026-06-03T02:23:27.949524+00:00,2026-06-07T00:37:35.494788+00:00,2026-06-07T00:37:34.699272+00:00,
review-notion-ai,REVIEW,YES,194.300000,video_output\review-notion-ai\review_video.mp4,YES,YES,YES,DONE,NOT_UPLOADED,,https://youtube.com/@SmileAIReviewHub,https://smileaireviewhub.com/review/notion-ai/,https://smileaireviewhub.com,Nguyen Quoc Tuan,LOW,2026-06-03T02:23:28.199433+00:00,2026-06-07T02:32:36.686925+00:00,2026-06-07T02:32:34.594648+00:00,
review-perplexity,REVIEW,YES,191.833333,video_output\review-perplexity\review_video.mp4,YES,YES,YES,DONE,NOT_UPLOADED,,https://youtube.com/@SmileAIReviewHub,https://smileaireviewhub.com/review/perplexity/,https://smileaireviewhub.com,Nguyen Quoc Tuan,LOW,2026-06-03T02:23:28.472930+00:00,2026-06-07T02:32:33.942564+00:00,2026-06-07T02:32:31.542372+00:00,
review-pipedrive,REVIEW,YES,202.266667,video_output\review-pipedrive\review_video.mp4,YES,YES,YES,DONE,NOT_UPLOADED,,https://youtube.com/@SmileAIReviewHub,https://smileaireviewhub.com/review/pipedrive/,https://smileaireviewhub.com,Nguyen Quoc Tuan,LOW,2026-06-03T02:23:28.715106+00:00,2026-06-07T02:32:46.851291+00:00,2026-06-07T02:32:44.437266+00:00,
review-pipedrive-crm,REVIEW,YES,205.066667,video_output\review-pipedrive-crm\review_video.mp4,YES,YES,YES,DONE,NOT_UPLOADED,,https://youtube.com/@SmileAIReviewHub,https://smileaireviewhub.com/review/pipedrive-crm/,https://smileaireviewhub.com,Nguyen Quoc Tuan,LOW,2026-06-03T02:23:28.976156+00:00,2026-06-07T02:32:53.789214+00:00,2026-06-07T02:32:51.610426+00:00,
review-plausible-analytics-review-2026,REVIEW,YES,205.500000,video_output\review-plausible-analytics-review-2026\review_video.mp4,YES,YES,YES,DONE,NOT_UPLOADED,,https://youtube.com/@SmileAIReviewHub,https://smileaireviewhub.com/review/plausible-analytics-review/2026/,https://smileaireviewhub.com,Nguyen Quoc Tuan,LOW,2026-06-13T11:38:01.113540+00:00,2026-06-13T13:22:21.966112+00:00,2026-06-13T13:22:16.530016+00:00,
review-reclaim-ai,REVIEW,YES,194.166667,video_output\review-reclaim-ai\review_video.mp4,YES,YES,YES,DONE,NOT_UPLOADED,,https://youtube.com/@SmileAIReviewHub,https://smileaireviewhub.com/review/reclaim-ai/,https://smileaireviewhub.com,Nguyen Quoc Tuan,LOW,2026-06-03T02:23:29.228252+00:00,2026-06-07T02:49:46.491237+00:00,2026-06-07T02:49:42.393250+00:00,
review-replit,REVIEW,YES,202.200000,video_output\review-replit\review_video.mp4,YES,YES,YES,DONE,NOT_UPLOADED,,https://youtube.com/@SmileAIReviewHub,https://smileaireviewhub.com/review/replit/,https://smileaireviewhub.com,Nguyen Quoc Tuan,LOW,2026-06-03T02:23:29.463681+00:00,2026-06-07T02:50:09.397767+00:00,2026-06-07T02:50:06.421464+00:00,
review-runway,REVIEW,YES,190.733333,video_output\review-runway\review_video.mp4,YES,YES,YES,DONE,NOT_UPLOADED,,https://youtube.com/@SmileAIReviewHub,https://smileaireviewhub.com/review/runway/,https://smileaireviewhub.com,Nguyen Quoc Tuan,HIGH,2026-06-03T02:23:29.733226+00:00,2026-06-07T02:50:12.828767+00:00,2026-06-07T02:50:11.182108+00:00,
review-se-ranking-review-2026,REVIEW,YES,205.400000,video_output\review-se-ranking-review-2026\review_video.mp4,YES,YES,YES,DONE,UPLOADED,https://youtu.be/1KjPOJL9uCg,https://youtube.com/@SmileAIReviewHub,https://smileaireviewhub.com/se-ranking-review-2026/,https://smileaireviewhub.com,Nguyen Quoc Tuan,LOW,2026-06-09T06:55:37.210800+00:00,2026-06-09T07:03:16.102398+00:00,2026-06-09T07:03:12.826459+00:00,
review-semrush,REVIEW,YES,197.633333,video_output\review-semrush\review_video.mp4,YES,YES,YES,DONE,NOT_UPLOADED,,https://youtube.com/@SmileAIReviewHub,https://smileaireviewhub.com/review/semrush/,https://smileaireviewhub.com,Nguyen Quoc Tuan,MEDIUM,2026-06-03T02:23:29.964699+00:00,2026-06-07T02:50:36.438826+00:00,2026-06-07T02:50:35.305099+00:00,
review-semrush-ai,REVIEW,YES,197.500000,video_output\review-semrush-ai\review_video.mp4,YES,YES,YES,DONE,NOT_UPLOADED,,https://youtube.com/@SmileAIReviewHub,https://smileaireviewhub.com/review/semrush-ai/,https://smileaireviewhub.com,Nguyen Quoc Tuan,LOW,2026-06-03T02:23:30.215058+00:00,2026-06-07T03:22:54.656999+00:00,2026-06-07T03:22:53.901353+00:00,
review-semrush-vs-ahrefs-2026,REVIEW,YES,199.266667,video_output\review-semrush-vs-ahrefs-2026\review_video.mp4,YES,YES,YES,DONE,UPLOADED,https://youtu.be/TNgQV7mYzEE,https://youtube.com/@SmileAIReviewHub,https://smileaireviewhub.com/compare/semrush-vs-ahrefs/,https://smileaireviewhub.com,Nguyen Quoc Tuan,LOW,2026-06-09T09:29:51.215555+00:00,2026-06-09T09:40:15.477873+00:00,2026-06-09T09:38:21.060235+00:00,
review-senja-review-2026,REVIEW,YES,202.100000,video_output\review-senja-review-2026\review_video.mp4,YES,YES,YES,DONE,NOT_UPLOADED,,https://youtube.com/@SmileAIReviewHub,https://smileaireviewhub.com/review/senja-review/2026/,https://smileaireviewhub.com,Nguyen Quoc Tuan,LOW,2026-06-13T11:38:01.160412+00:00,2026-06-13T13:22:50.228315+00:00,2026-06-13T13:22:41.651180+00:00,
review-serpstat-review-2026,REVIEW,YES,207.434000,video_output\review-serpstat-review-2026\review_video.mp4,YES,YES,YES,DONE,UPLOADED,https://youtu.be/Db2dCc-WAyI,https://youtube.com/@SmileAIReviewHub,https://smileaireviewhub.com/serpstat-review-2026/,https://smileaireviewhub.com,Nguyen Quoc Tuan,LOW,2026-06-10T03:09:35.919003+00:00,2026-06-10T03:28:00.906126+00:00,2026-06-10T03:27:58.800520+00:00,
review-surfer-seo,REVIEW,YES,198.966667,video_output\review-surfer-seo\review_video.mp4,YES,YES,YES,DONE,UPLOADED,https://youtu.be/cS2q4st2kWo?si=z5E0aer1Y83CZOUX,https://youtube.com/@SmileAIReviewHub,https://smileaireviewhub.com/review/surfer-seo/,https://smileaireviewhub.com,Nguyen Quoc Tuan,MEDIUM,2026-06-03T02:23:30.449702+00:00,2026-06-08T05:41:15.669149+00:00,2026-06-08T05:41:13.280086+00:00,
review-surfer-seo-alternatives,REVIEW,YES,368.789000,video_output\review-surfer-seo-alternatives\review_video.mp4,YES,YES,YES,DONE,UPLOADED,https://youtu.be/Ih17LSEQOTo,https://youtube.com/@SmileAIReviewHub,https://smileaireviewhub.com/surfer-seo-alternatives/,https://smileaireviewhub.com,Nguyen Quoc Tuan,LOW,2026-06-08T13:09:26.936328+00:00,2026-06-13T01:47:45.108363+00:00,2026-06-13T01:36:43.074960+00:00,
review-surfer-seo-review-2026,ARTICLE,YES,367.217000,video_output\review-surfer-seo-review-2026\review_video.mp4,YES,YES,YES,DONE,UPLOADED,https://youtu.be/cSNVtPQuPJs,https://youtube.com/@SmileAIReviewHub,https://smileaireviewhub.com/review/surfer-seo-review-2026/,https://smileaireviewhub.com,Nguyen Quoc Tuan,LOW,2026-06-11T01:18:20.687468+00:00,2026-06-13T01:47:45.100384+00:00,2026-06-13T01:34:26.900264+00:00,
review-synthesia,REVIEW,YES,192.100000,video_output\review-synthesia\review_video.mp4,YES,YES,YES,DONE,NOT_UPLOADED,,https://youtube.com/@SmileAIReviewHub,https://smileaireviewhub.com/review/synthesia/,https://smileaireviewhub.com,Nguyen Quoc Tuan,LOW,2026-06-03T02:23:30.715043+00:00,2026-06-07T03:22:54.915305+00:00,2026-06-07T03:22:50.755047+00:00,
review-systeme-io-review-2026,REVIEW,YES,214.033333,video_output\review-systeme-io-review-2026\review_video.mp4,YES,YES,YES,DONE,UPLOADED,https://youtu.be/p9JV3Fw15XU,https://youtube.com/@SmileAIReviewHub,https://smileaireviewhub.com/systeme-io-review-2026/,https://smileaireviewhub.com,Nguyen Quoc Tuan,LOW,2026-06-09T06:19:37.237932+00:00,2026-06-09T06:27:39.425963+00:00,2026-06-09T06:27:37.052132+00:00,
review-tally-forms-review-2026,REVIEW,YES,199.900000,video_output\review-tally-forms-review-2026\review_video.mp4,YES,YES,YES,DONE,NOT_UPLOADED,,https://youtube.com/@SmileAIReviewHub,https://smileaireviewhub.com/review/tally-forms-review/2026/,https://smileaireviewhub.com,Nguyen Quoc Tuan,LOW,2026-06-13T11:38:01.102646+00:00,2026-06-13T13:22:50.594340+00:00,2026-06-13T13:22:40.499534+00:00,
review-trackdesk-review-2026,ARTICLE,YES,361.298000,video_output\review-trackdesk-review-2026\review_video.mp4,YES,YES,YES,DONE,UPLOADED,https://youtu.be/MGvlXP-Gffw,https://youtube.com/@SmileAIReviewHub,https://smileaireviewhub.com/trackdesk-review-2026/,https://smileaireviewhub.com,Nguyen Quoc Tuan,LOW,2026-06-12T12:31:16.932719+00:00,2026-06-13T01:47:45.137283+00:00,2026-06-13T01:45:39.531016+00:00,
review-ubersuggest-review-2026,REVIEW,YES,204.767000,video_output\review-ubersuggest-review-2026\review_video.mp4,YES,YES,YES,DONE,UPLOADED,https://youtu.be/FO1RQ9JGkQs,https://youtube.com/@SmileAIReviewHub,https://smileaireviewhub.com/ubersuggest-review-2026/,https://smileaireviewhub.com,Nguyen Quoc Tuan,LOW,2026-06-10T03:09:36.447581+00:00,2026-06-10T03:27:46.978203+00:00,2026-06-10T03:27:42.906736+00:00,
review-unbounce-review-2026,REVIEW,YES,205.367000,video_output\review-unbounce-review-2026\review_video.mp4,YES,YES,YES,DONE,UPLOADED,https://youtu.be/Y7jf3hucJPc,https://youtube.com/@SmileAIReviewHub,https://smileaireviewhub.com/unbounce-review-2026/,https://smileaireviewhub.com,Nguyen Quoc Tuan,LOW,2026-06-10T03:28:29.467777+00:00,2026-06-10T03:45:55.292445+00:00,2026-06-10T03:45:51.854395+00:00,
review-webflow,REVIEW,YES,195.500000,video_output\review-webflow\review_video.mp4,YES,YES,YES,DONE,NOT_UPLOADED,,https://youtube.com/@SmileAIReviewHub,https://smileaireviewhub.com/review/webflow/,https://smileaireviewhub.com,Nguyen Quoc Tuan,LOW,2026-06-03T02:23:30.974190+00:00,2026-06-07T03:22:55.100807+00:00,2026-06-07T03:22:50.695842+00:00,
review-webflow-ai,REVIEW,YES,195.133333,video_output\review-webflow-ai\review_video.mp4,YES,YES,YES,DONE,NOT_UPLOADED,,https://youtube.com/@SmileAIReviewHub,https://smileaireviewhub.com/review/webflow-ai/,https://smileaireviewhub.com,Nguyen Quoc Tuan,LOW,2026-06-03T02:23:31.222499+00:00,2026-06-07T03:22:55.385043+00:00,2026-06-07T03:22:53.726063+00:00,
review-windsurf,REVIEW,YES,195.700000,video_output\review-windsurf\review_video.mp4,YES,YES,YES,DONE,NOT_UPLOADED,,https://youtube.com/@SmileAIReviewHub,https://smileaireviewhub.com/review/windsurf/,https://smileaireviewhub.com,Nguyen Quoc Tuan,HIGH,2026-06-03T02:23:31.480740+00:00,2026-06-07T03:32:57.255930+00:00,2026-06-07T03:32:55.638455+00:00,
review-windsurf-review-2026,REVIEW,YES,,video_output\review-windsurf-review-2026\review_video.mp4,YES,YES,YES,DONE,UPLOADED,https://youtu.be/koodHfEir5k,https://youtube.com/@SmileAIReviewHub,https://smileaireviewhub.com/review/windsurf-review-2026/,https://smileaireviewhub.com,Nguyen Quoc Tuan,LOW,2026-06-08T13:25:28.098817+00:00,2026-06-11T07:08:01.726886+00:00,,
review-wordtune-review-2026,REVIEW,YES,203.734000,video_output\review-wordtune-review-2026\review_video.mp4,YES,YES,YES,DONE,UPLOADED,https://youtu.be/Ti5Tnd9U2VA,https://youtube.com/@SmileAIReviewHub,https://smileaireviewhub.com/wordtune-review-2026/,https://smileaireviewhub.com,Nguyen Quoc Tuan,LOW,2026-06-10T03:09:35.836226+00:00,2026-06-10T03:27:52.526448+00:00,2026-06-10T03:27:50.788046+00:00,
review-zapier,REVIEW,YES,188.100000,video_output\review-zapier\review_video.mp4,YES,YES,YES,DONE,NOT_UPLOADED,,https://youtube.com/@SmileAIReviewHub,https://smileaireviewhub.com/review/zapier/,https://smileaireviewhub.com,Nguyen Quoc Tuan,LOW,2026-06-03T02:23:31.815859+00:00,2026-06-07T03:32:52.518030+00:00,2026-06-07T03:32:50.407231+00:00,
review-zapier-alternatives,REVIEW,YES,218.866667,video_output\review-zapier-alternatives\review_video.mp4,YES,YES,YES,DONE,UPLOADED,https://youtu.be/YSe2XphI--g,https://youtube.com/@SmileAIReviewHub,https://smileaireviewhub.com/zapier-alternatives/,https://smileaireviewhub.com,Nguyen Quoc Tuan,LOW,2026-06-08T13:32:05.235561+00:00,2026-06-08T14:35:30.467225+00:00,2026-06-08T14:35:27.948804+00:00,
runway,REVIEW,YES,184.266667,video_output\runway\review_video.mp4,YES,YES,YES,DONE,NOT_UPLOADED,,https://youtube.com/@SmileAIReviewHub,https://smileaireviewhub.com/runway/,https://smileaireviewhub.com,Nguyen Quoc Tuan,HIGH,2026-06-03T02:23:32.115339+00:00,2026-06-08T01:21:42.517430+00:00,2026-06-08T01:21:39.108746+00:00,
scripts,SYSTEM,NO,,,NO,NO,NO,N/A,NOT_UPLOADED,,https://youtube.com/@SmileAIReviewHub,,https://smileaireviewhub.com,Nguyen Quoc Tuan,,2026-06-03T02:23:05.871821+00:00,2026-06-15T13:11:19.194159+00:00,,
self-hosting-guide-review-2026,ARTICLE,YES,163.634000,video_output\self-hosting-guide-review-2026\review_video.mp4,YES,YES,YES,DONE,UPLOADED,https://youtu.be/d6fjctFFck4,https://youtube.com/@SmileAIReviewHub,https://smileaireviewhub.com/self-hosting-guide-review-2026/,https://smileaireviewhub.com,Nguyen Quoc Tuan,LOW,2026-06-15T12:16:20.374160+00:00,2026-06-18T00:04:55.692175+00:00,2026-06-15T12:36:47.366069+00:00,
semrush,REVIEW,YES,182.566667,video_output\semrush\review_video.mp4,YES,YES,YES,DONE,NOT_UPLOADED,,https://youtube.com/@SmileAIReviewHub,https://smileaireviewhub.com/semrush/,https://smileaireviewhub.com,Nguyen Quoc Tuan,MEDIUM,2026-06-03T02:23:32.429056+00:00,2026-06-08T02:36:57.095511+00:00,2026-06-08T02:36:53.229305+00:00,
semrush-ai,REVIEW,YES,181.500000,video_output\semrush-ai\review_video.mp4,YES,YES,YES,DONE,NOT_UPLOADED,,https://youtube.com/@SmileAIReviewHub,https://smileaireviewhub.com/semrush-ai/,https://smileaireviewhub.com,Nguyen Quoc Tuan,LOW,2026-06-03T02:23:32.746409+00:00,2026-06-08T02:36:57.220479+00:00,2026-06-08T02:36:52.992534+00:00,
skillspector-review-2026,ARTICLE,YES,163.067000,video_output\skillspector-review-2026\review_video.mp4,YES,YES,YES,DONE,UPLOADED,https://youtu.be/CuGIfnOxJ4k,https://youtube.com/@SmileAIReviewHub,https://smileaireviewhub.com/skillspector-review-2026/,https://smileaireviewhub.com,Nguyen Quoc Tuan,LOW,2026-06-14T14:07:28.212217+00:00,2026-06-15T08:21:54.723981+00:00,2026-06-15T06:24:02.166950+00:00,
subtitles,SYSTEM,NO,,,NO,NO,NO,N/A,NOT_UPLOADED,,https://youtube.com/@SmileAIReviewHub,,https://smileaireviewhub.com,Nguyen Quoc Tuan,,2026-06-03T02:23:05.871821+00:00,2026-06-15T13:05:21.334254+00:00,,
surfer-seo,REVIEW,YES,180.900000,video_output\surfer-seo\review_video.mp4,YES,YES,YES,DONE,NOT_UPLOADED,,https://youtube.com/@SmileAIReviewHub,https://smileaireviewhub.com/surfer-seo/,https://smileaireviewhub.com,Nguyen Quoc Tuan,MEDIUM,2026-06-03T02:23:33.074370+00:00,2026-06-08T02:36:57.419308+00:00,2026-06-08T02:36:56.571544+00:00,
surfer-seo-free-trial,ARTICLE,YES,366.538000,video_output\surfer-seo-free-trial\review_video.mp4,YES,YES,YES,DONE,UPLOADED,https://youtu.be/QvBAePIQfVI,https://youtube.com/@SmileAIReviewHub,https://smileaireviewhub.com/surfer-seo-free-trial/,https://smileaireviewhub.com,Nguyen Quoc Tuan,LOW,2026-06-11T01:18:36.537163+00:00,2026-06-13T01:47:45.105370+00:00,2026-06-13T01:34:28.939177+00:00,
surfer-seo-vs-clearscope,ARTICLE,YES,374.980000,video_output\surfer-seo-vs-clearscope\review_video.mp4,YES,YES,YES,DONE,UPLOADED,https://youtu.be/Mn_GzD1qjxA,https://youtube.com/@SmileAIReviewHub,https://smileaireviewhub.com/surfer-seo-vs-clearscope/,https://smileaireviewhub.com,Nguyen Quoc Tuan,LOW,2026-06-12T12:28:49.029181+00:00,2026-06-13T01:47:45.115344+00:00,2026-06-13T01:41:20.317924+00:00,
synthesia,REVIEW,YES,186.500000,video_output\synthesia\review_video.mp4,YES,YES,YES,DONE,NOT_UPLOADED,,https://youtube.com/@SmileAIReviewHub,https://smileaireviewhub.com/synthesia/,https://smileaireviewhub.com,Nguyen Quoc Tuan,LOW,2026-06-03T02:23:33.378474+00:00,2026-06-08T02:37:08.923534+00:00,2026-06-08T02:37:05.659209+00:00,
thumbnails,SYSTEM,NO,,,NO,NO,NO,N/A,NOT_UPLOADED,,https://youtube.com/@SmileAIReviewHub,,https://smileaireviewhub.com,Nguyen Quoc Tuan,,2026-06-03T02:23:05.871821+00:00,2026-06-15T13:04:16.950386+00:00,,
videos,SYSTEM,NO,,,NO,NO,NO,N/A,NOT_UPLOADED,,https://youtube.com/@SmileAIReviewHub,,https://smileaireviewhub.com,Nguyen Quoc Tuan,,2026-06-03T02:23:05.871821+00:00,2026-06-15T13:11:18.226742+00:00,,
voiceovers,SYSTEM,NO,,,NO,NO,NO,N/A,NOT_UPLOADED,,https://youtube.com/@SmileAIReviewHub,,https://smileaireviewhub.com,Nguyen Quoc Tuan,,2026-06-03T02:23:05.871821+00:00,2026-06-15T13:04:17.034162+00:00,,
webflow,REVIEW,YES,183.533333,video_output\webflow\review_video.mp4,YES,YES,YES,DONE,NOT_UPLOADED,,https://youtube.com/@SmileAIReviewHub,https://smileaireviewhub.com/webflow/,https://smileaireviewhub.com,Nguyen Quoc Tuan,LOW,2026-06-03T02:23:33.680385+00:00,2026-06-08T02:53:08.373954+00:00,2026-06-08T02:53:05.042567+00:00,
webflow-ai,REVIEW,YES,187.766667,video_output\webflow-ai\review_video.mp4,YES,YES,YES,DONE,NOT_UPLOADED,,https://youtube.com/@SmileAIReviewHub,https://smileaireviewhub.com/webflow-ai/,https://smileaireviewhub.com,Nguyen Quoc Tuan,LOW,2026-06-03T02:23:33.996056+00:00,2026-06-08T02:53:11.467254+00:00,2026-06-08T02:53:10.752130+00:00,
webflow-pros-and-cons,ARTICLE,YES,206.600000,video_output\webflow-pros-and-cons\review_video.mp4,YES,YES,YES,DONE,UPLOADED,https://youtu.be/ssjzOKvitsw,https://youtube.com/@SmileAIReviewHub,https://smileaireviewhub.com/webflow-pros-and-cons/,https://smileaireviewhub.com,Nguyen Quoc Tuan,LOW,2026-06-11T01:19:09.322174+00:00,2026-06-11T07:08:01.726886+00:00,2026-06-11T06:59:55.182782+00:00,
windsurf,REVIEW,YES,182.700000,video_output\windsurf\review_video.mp4,YES,YES,YES,DONE,NOT_UPLOADED,,https://youtube.com/@SmileAIReviewHub,https://smileaireviewhub.com/windsurf/,https://smileaireviewhub.com,Nguyen Quoc Tuan,HIGH,2026-06-03T02:23:34.314123+00:00,2026-06-08T02:53:05.064232+00:00,2026-06-08T02:53:01.625379+00:00,
zapier,REVIEW,YES,185.300000,video_output\zapier\review_video.mp4,YES,YES,YES,DONE,NOT_UPLOADED,,https://youtube.com/@SmileAIReviewHub,https://smileaireviewhub.com/zapier/,https://smileaireviewhub.com,Nguyen Quoc Tuan,LOW,2026-06-03T02:23:34.620842+00:00,2026-06-08T02:53:11.576601+00:00,2026-06-08T02:53:09.781713+00:00,
zapier-pricing,ARTICLE,YES,211.867000,video_output\zapier-pricing\review_video.mp4,YES,YES,YES,DONE,UPLOADED,https://youtu.be/rTju4eaZwtw,https://youtube.com/@SmileAIReviewHub,https://smileaireviewhub.com/zapier-pricing/,https://smileaireviewhub.com,Nguyen Quoc Tuan,LOW,2026-06-11T01:18:55.861473+00:00,2026-06-11T07:08:01.726886+00:00,2026-06-11T01:51:25.856030+00:00,
